create table t1(a enum('1','2','3','a','b','c','d'));
insert into t1 values ('1'),('3'),('b');
select * from t1;
a
1
3
b
create index a on t1(a);
insert into t1 values ('c'),('d');
select * from t1 where a = 'c';
a
c
select * from t1 where a < 'a';
a
1
3
select * from t1 where a > '1' order by a;
a
3
b
c
d
select * from t1 where a is not null;
a
1
3
b
c
d
select * from t1 where a > 0 order by a limit 3 offset 1;
a
3
b
c
drop table t1;
