create table t1(a enum('1','2','3','a','b','c','d'));
insert into t1 values ('1'),('3'),('a');
select * from t1;
a
1
3
a
create index a on t1(a);
insert into t1 values ('c'),('d');
select * from t1 where a = 'c';
a
c
select * from t1 where a < 'a' order by a;
a
1
3
select * from t1 where a is not null order by a;
a
1
3
a
c
d
select * from t1 where a > 0 order by a limit 3 offset 1;
a
3
a
c
drop table t1;
