DROP TABLE IF EXISTS t1;
create table t1(a decimal,b varchar(255),c int);
insert into t1 values(1,'a',1),(9999999999,'a',2),(2,'b',3),(9999999990,'b',4),(3,'c',5),(9999999998,'a',6),(4,'d',7),(9999999991,'x',8),(5,'e',9),(9999999997,'z',10);
insert into t1 values(-1,'a',-1),(-9999999999,'a',-2),(-2,'b',-3),(-9999999990,'b',-4),(-3,'c',-5),(-9999999998,'a',-6),(-4,'d',-7),(-9999999991,'x',-8),(-5,'e',-9),(-9999999997,'z',-10);
insert into t1 values(-1,'a',-1),(-1,'a',-1),(-1,'a',-1),(-1,'a',-1);
insert into t1(b) values('a'),('b');
select * from t1 where a is null;
a	b	c
NULL	a	NULL
NULL	b	NULL
select * from t1 where a is not null;
a	b	c
-1	a	-1
-1	a	-1
-1	a	-1
-1	a	-1
-1	a	-1
-2	b	-3
-3	c	-5
-4	d	-7
-5	e	-9
-9999999990	b	-4
-9999999991	x	-8
-9999999997	z	-10
-9999999998	a	-6
-9999999999	a	-2
1	a	1
2	b	3
3	c	5
4	d	7
5	e	9
9999999990	b	4
9999999991	x	8
9999999997	z	10
9999999998	a	6
9999999999	a	2
select * from t1 where a = '-9999999999';
a	b	c
-9999999999	a	-2
select * from t1 where a = 9999999995;
a	b	c
select * from t1 where a != 4;
a	b	c
-1	a	-1
-1	a	-1
-1	a	-1
-1	a	-1
-1	a	-1
-2	b	-3
-3	c	-5
-4	d	-7
-5	e	-9
-9999999990	b	-4
-9999999991	x	-8
-9999999997	z	-10
-9999999998	a	-6
-9999999999	a	-2
1	a	1
2	b	3
3	c	5
5	e	9
9999999990	b	4
9999999991	x	8
9999999997	z	10
9999999998	a	6
9999999999	a	2
select * from t1 where a <> 9999999998;
a	b	c
-1	a	-1
-1	a	-1
-1	a	-1
-1	a	-1
-1	a	-1
-2	b	-3
-3	c	-5
-4	d	-7
-5	e	-9
-9999999990	b	-4
-9999999991	x	-8
-9999999997	z	-10
-9999999998	a	-6
-9999999999	a	-2
1	a	1
2	b	3
3	c	5
4	d	7
5	e	9
9999999990	b	4
9999999991	x	8
9999999997	z	10
9999999999	a	2
select * from t1 where a <> 9999999995;
a	b	c
-1	a	-1
-1	a	-1
-1	a	-1
-1	a	-1
-1	a	-1
-2	b	-3
-3	c	-5
-4	d	-7
-5	e	-9
-9999999990	b	-4
-9999999991	x	-8
-9999999997	z	-10
-9999999998	a	-6
-9999999999	a	-2
1	a	1
2	b	3
3	c	5
4	d	7
5	e	9
9999999990	b	4
9999999991	x	8
9999999997	z	10
9999999998	a	6
9999999999	a	2
select * from t1 where a < 3 and a >=-3;
a	b	c
-1	a	-1
-1	a	-1
-1	a	-1
-1	a	-1
-1	a	-1
-2	b	-3
-3	c	-5
1	a	1
2	b	3
select * from t1 where a > -9999999998 and a <=4;
a	b	c
-1	a	-1
-1	a	-1
-1	a	-1
-1	a	-1
-1	a	-1
-2	b	-3
-3	c	-5
-4	d	-7
-5	e	-9
-9999999990	b	-4
-9999999991	x	-8
-9999999997	z	-10
1	a	1
2	b	3
3	c	5
4	d	7
select * from t1 where a <=> 9999999995;
a	b	c
select * from t1 where a between 4 and 9999999991;
a	b	c
4	d	7
5	e	9
9999999990	b	4
9999999991	x	8
select * from t1 where a in(2,-9999999990,9999999995);
a	b	c
-9999999990	b	-4
2	b	3
select * from t1 where a='a1';
a	b	c
Warning	1292	Truncated incorrect DECIMAL value: 'a1'
Warnings:
select * from t1 where a<'1a';
a	b	c
-1	a	-1
-1	a	-1
-1	a	-1
-1	a	-1
-1	a	-1
-2	b	-3
-3	c	-5
-4	d	-7
-5	e	-9
-9999999990	b	-4
-9999999991	x	-8
-9999999997	z	-10
-9999999998	a	-6
-9999999999	a	-2
select * from t1 where a>'a';
a	b	c
1	a	1
2	b	3
3	c	5
4	d	7
5	e	9
9999999990	b	4
9999999991	x	8
9999999997	z	10
9999999998	a	6
9999999999	a	2
Warning	1292	Truncated incorrect DECIMAL value: 'a'
Warnings:
select * from t1 where a=c;
a	b	c
-1	a	-1
-1	a	-1
-1	a	-1
-1	a	-1
-1	a	-1
1	a	1
select * from t1 where a!=c;
a	b	c
-2	b	-3
-3	c	-5
-4	d	-7
-5	e	-9
-9999999990	b	-4
-9999999991	x	-8
-9999999997	z	-10
-9999999998	a	-6
-9999999999	a	-2
2	b	3
3	c	5
4	d	7
5	e	9
9999999990	b	4
9999999991	x	8
9999999997	z	10
9999999998	a	6
9999999999	a	2
select * from t1 where a>c;
a	b	c
-2	b	-3
-3	c	-5
-4	d	-7
-5	e	-9
9999999990	b	4
9999999991	x	8
9999999997	z	10
9999999998	a	6
9999999999	a	2
select * from t1 where a>=c;
a	b	c
-1	a	-1
-1	a	-1
-1	a	-1
-1	a	-1
-1	a	-1
-2	b	-3
-3	c	-5
-4	d	-7
-5	e	-9
1	a	1
9999999990	b	4
9999999991	x	8
9999999997	z	10
9999999998	a	6
9999999999	a	2
select * from t1 where a<c;
a	b	c
-9999999990	b	-4
-9999999991	x	-8
-9999999997	z	-10
-9999999998	a	-6
-9999999999	a	-2
2	b	3
3	c	5
4	d	7
5	e	9
select * from t1 where a<=c;
a	b	c
-1	a	-1
-1	a	-1
-1	a	-1
-1	a	-1
-1	a	-1
-9999999990	b	-4
-9999999991	x	-8
-9999999997	z	-10
-9999999998	a	-6
-9999999999	a	-2
1	a	1
2	b	3
3	c	5
4	d	7
5	e	9
select * from t1 where abs(a) in(9999999998,4) and a=-4;
a	b	c
-4	d	-7
select * from t1 where abs(a) in(9999999998,4) or a=-1;
a	b	c
-1	a	-1
-1	a	-1
-1	a	-1
-1	a	-1
-1	a	-1
-4	d	-7
-9999999998	a	-6
4	d	7
9999999998	a	6
create index a on t1(a);
select * from t1 where a is null;
a	b	c
NULL	a	NULL
NULL	b	NULL
select * from t1 where a is not null;
a	b	c
-1	a	-1
-1	a	-1
-1	a	-1
-1	a	-1
-1	a	-1
-2	b	-3
-3	c	-5
-4	d	-7
-5	e	-9
-9999999990	b	-4
-9999999991	x	-8
-9999999997	z	-10
-9999999998	a	-6
-9999999999	a	-2
1	a	1
2	b	3
3	c	5
4	d	7
5	e	9
9999999990	b	4
9999999991	x	8
9999999997	z	10
9999999998	a	6
9999999999	a	2
select * from t1 where a = '-9999999999';
a	b	c
-9999999999	a	-2
select * from t1 where a = 9999999995;
a	b	c
select * from t1 where a != 4;
a	b	c
-1	a	-1
-1	a	-1
-1	a	-1
-1	a	-1
-1	a	-1
-2	b	-3
-3	c	-5
-4	d	-7
-5	e	-9
-9999999990	b	-4
-9999999991	x	-8
-9999999997	z	-10
-9999999998	a	-6
-9999999999	a	-2
1	a	1
2	b	3
3	c	5
5	e	9
9999999990	b	4
9999999991	x	8
9999999997	z	10
9999999998	a	6
9999999999	a	2
select * from t1 where a <> 9999999998;
a	b	c
-1	a	-1
-1	a	-1
-1	a	-1
-1	a	-1
-1	a	-1
-2	b	-3
-3	c	-5
-4	d	-7
-5	e	-9
-9999999990	b	-4
-9999999991	x	-8
-9999999997	z	-10
-9999999998	a	-6
-9999999999	a	-2
1	a	1
2	b	3
3	c	5
4	d	7
5	e	9
9999999990	b	4
9999999991	x	8
9999999997	z	10
9999999999	a	2
select * from t1 where a <> 9999999995;
a	b	c
-1	a	-1
-1	a	-1
-1	a	-1
-1	a	-1
-1	a	-1
-2	b	-3
-3	c	-5
-4	d	-7
-5	e	-9
-9999999990	b	-4
-9999999991	x	-8
-9999999997	z	-10
-9999999998	a	-6
-9999999999	a	-2
1	a	1
2	b	3
3	c	5
4	d	7
5	e	9
9999999990	b	4
9999999991	x	8
9999999997	z	10
9999999998	a	6
9999999999	a	2
select * from t1 where a < 3 and a >=-3;
a	b	c
-1	a	-1
-1	a	-1
-1	a	-1
-1	a	-1
-1	a	-1
-2	b	-3
-3	c	-5
1	a	1
2	b	3
select * from t1 where a > -9999999998 and a <=4;
a	b	c
-1	a	-1
-1	a	-1
-1	a	-1
-1	a	-1
-1	a	-1
-2	b	-3
-3	c	-5
-4	d	-7
-5	e	-9
-9999999990	b	-4
-9999999991	x	-8
-9999999997	z	-10
1	a	1
2	b	3
3	c	5
4	d	7
select * from t1 where a <=> 9999999995;
a	b	c
select * from t1 where a between 4 and 9999999991;
a	b	c
4	d	7
5	e	9
9999999990	b	4
9999999991	x	8
select * from t1 where a in(2,-9999999990,9999999995);
a	b	c
-9999999990	b	-4
2	b	3
select * from t1 where a='a1';
a	b	c
Warning	1366	Incorrect DECIMAL value: '0' for column '' at row -1
Warning	1366	Incorrect decimal value: 'a1' for column 'a' at row 1
Warning	1366	Incorrect decimal value: 'a1' for column 'a' at row 1
Warning	1366	Incorrect decimal value: 'a1' for column 'a' at row 1
Warnings:
select * from t1 where a<'1a';
a	b	c
-1	a	-1
-1	a	-1
-1	a	-1
-1	a	-1
-1	a	-1
-2	b	-3
-3	c	-5
-4	d	-7
-5	e	-9
-9999999990	b	-4
-9999999991	x	-8
-9999999997	z	-10
-9999999998	a	-6
-9999999999	a	-2
Warning	1292	Truncated incorrect DOUBLE value: '1a'
Warnings:
select * from t1 where a>'a';
a	b	c
1	a	1
2	b	3
3	c	5
4	d	7
5	e	9
9999999990	b	4
9999999991	x	8
9999999997	z	10
9999999998	a	6
9999999999	a	2
Warning	1292	Truncated incorrect DECIMAL value: 'a'
Warning	1366	Incorrect decimal value: 'a' for column 'a' at row 1
Warnings:
select * from t1 where a=c;
a	b	c
-1	a	-1
-1	a	-1
-1	a	-1
-1	a	-1
-1	a	-1
1	a	1
select * from t1 where a!=c;
a	b	c
-2	b	-3
-3	c	-5
-4	d	-7
-5	e	-9
-9999999990	b	-4
-9999999991	x	-8
-9999999997	z	-10
-9999999998	a	-6
-9999999999	a	-2
2	b	3
3	c	5
4	d	7
5	e	9
9999999990	b	4
9999999991	x	8
9999999997	z	10
9999999998	a	6
9999999999	a	2
select * from t1 where a>c;
a	b	c
-2	b	-3
-3	c	-5
-4	d	-7
-5	e	-9
9999999990	b	4
9999999991	x	8
9999999997	z	10
9999999998	a	6
9999999999	a	2
select * from t1 where a>=c;
a	b	c
-1	a	-1
-1	a	-1
-1	a	-1
-1	a	-1
-1	a	-1
-2	b	-3
-3	c	-5
-4	d	-7
-5	e	-9
1	a	1
9999999990	b	4
9999999991	x	8
9999999997	z	10
9999999998	a	6
9999999999	a	2
select * from t1 where a<c;
a	b	c
-9999999990	b	-4
-9999999991	x	-8
-9999999997	z	-10
-9999999998	a	-6
-9999999999	a	-2
2	b	3
3	c	5
4	d	7
5	e	9
select * from t1 where a<=c;
a	b	c
-1	a	-1
-1	a	-1
-1	a	-1
-1	a	-1
-1	a	-1
-9999999990	b	-4
-9999999991	x	-8
-9999999997	z	-10
-9999999998	a	-6
-9999999999	a	-2
1	a	1
2	b	3
3	c	5
4	d	7
5	e	9
select * from t1 where abs(a) in(9999999998,4) and a=-4;
a	b	c
-4	d	-7
select * from t1 where abs(a) in(9999999998,4) or a=-1;
a	b	c
-1	a	-1
-1	a	-1
-1	a	-1
-1	a	-1
-1	a	-1
-4	d	-7
-9999999998	a	-6
4	d	7
9999999998	a	6
drop table t1;
create table t1(a decimal(65,0),b char(255),c bigint);
insert into t1 values(-922337203685477580800,'a',-9223372036854775808),(-922337203685477580801,'b',-9223372036854775807),
(-922337203685477580803,'a',-9223372036854775805),(-922337203685477580802,'b',-9223372036854775806),
(922337203685477580800,'a',9223372036854775804),(922337203685477580801,'b',9223372036854775807),
(922337203685477580803,'a',9223372036854775805),(922337203685477580802,'b',9223372036854775806);
insert into t1(b) values('a');
select * from t1 where a = -922337203685477580802;
a	b	c
-922337203685477580802	b	-9223372036854775806
select * from t1 where a != 922337203685477580802;
a	b	c
-922337203685477580800	a	-9223372036854775808
-922337203685477580801	b	-9223372036854775807
-922337203685477580802	b	-9223372036854775806
-922337203685477580803	a	-9223372036854775805
922337203685477580800	a	9223372036854775804
922337203685477580801	b	9223372036854775807
922337203685477580803	a	9223372036854775805
select * from t1 where a <=> 922337203685477580802;
a	b	c
922337203685477580802	b	9223372036854775806
select * from t1 where a < '922337203685477580802' and a>= -922337203685477580802;
a	b	c
-922337203685477580800	a	-9223372036854775808
-922337203685477580801	b	-9223372036854775807
-922337203685477580802	b	-9223372036854775806
922337203685477580800	a	9223372036854775804
922337203685477580801	b	9223372036854775807
select * from t1 where a <= '922337203685477580802' and a> -922337203685477580802;
a	b	c
-922337203685477580800	a	-9223372036854775808
-922337203685477580801	b	-9223372036854775807
922337203685477580800	a	9223372036854775804
922337203685477580801	b	9223372036854775807
922337203685477580802	b	9223372036854775806
select * from t1 where a between -922337203685477580802 and 922337203685477580802;
a	b	c
-922337203685477580800	a	-9223372036854775808
-922337203685477580801	b	-9223372036854775807
-922337203685477580802	b	-9223372036854775806
922337203685477580800	a	9223372036854775804
922337203685477580801	b	9223372036854775807
922337203685477580802	b	9223372036854775806
select * from t1 where a between '922337203685477580802' and -922337203685477580802;
a	b	c
select * from t1 where a in ('922337203685477580802',-922337203685477580802,922337203685477580803,-922337203685477580810);
a	b	c
-922337203685477580802	b	-9223372036854775806
922337203685477580800	a	9223372036854775804
922337203685477580801	b	9223372036854775807
922337203685477580802	b	9223372036854775806
922337203685477580803	a	9223372036854775805
create index a on t1(a);
select * from t1 where a = -922337203685477580802;
a	b	c
-922337203685477580802	b	-9223372036854775806
Warning	1292	Truncated incorrect DECIMAL value: '-922337203685477580802'
Warnings:
select * from t1 where a != 922337203685477580802;
a	b	c
-922337203685477580800	a	-9223372036854775808
-922337203685477580801	b	-9223372036854775807
-922337203685477580802	b	-9223372036854775806
-922337203685477580803	a	-9223372036854775805
922337203685477580800	a	9223372036854775804
922337203685477580801	b	9223372036854775807
922337203685477580803	a	9223372036854775805
select * from t1 where a <=> 922337203685477580802;
a	b	c
922337203685477580802	b	9223372036854775806
select * from t1 where a < '922337203685477580802' and a>= -922337203685477580802;
a	b	c
-922337203685477580800	a	-9223372036854775808
-922337203685477580801	b	-9223372036854775807
-922337203685477580802	b	-9223372036854775806
922337203685477580800	a	9223372036854775804
922337203685477580801	b	9223372036854775807
select * from t1 where a <= '922337203685477580802' and a> -922337203685477580802;
a	b	c
-922337203685477580800	a	-9223372036854775808
-922337203685477580801	b	-9223372036854775807
922337203685477580800	a	9223372036854775804
922337203685477580801	b	9223372036854775807
922337203685477580802	b	9223372036854775806
select * from t1 where a between -922337203685477580802 and 922337203685477580802;
a	b	c
-922337203685477580800	a	-9223372036854775808
-922337203685477580801	b	-9223372036854775807
-922337203685477580802	b	-9223372036854775806
922337203685477580800	a	9223372036854775804
922337203685477580801	b	9223372036854775807
922337203685477580802	b	9223372036854775806
select * from t1 where a between '922337203685477580802' and -922337203685477580802;
a	b	c
drop table t1;
create table t1(a decimal(65,0),c bigint);
insert into t1 values(-9223372036854775808,-9223372036854775808),(-9223372036854775806,-9223372036854775807),
(-9223372036854775807,-9223372036854775805),(-9223372036854775803,-9223372036854775806),
(9223372036854775804,9223372036854775804),(9223372036854775806,9223372036854775807),
(922337203685477580805,9223372036854775805),(9223372036854775807,9223372036854775806);
select * from t1 where a>c;
a	c
-9223372036854775803	-9223372036854775806
-9223372036854775806	-9223372036854775807
9223372036854775807	9223372036854775806
922337203685477580805	9223372036854775805
select * from t1 where a>=c;
a	c
-9223372036854775803	-9223372036854775806
-9223372036854775806	-9223372036854775807
-9223372036854775808	-9223372036854775808
9223372036854775804	9223372036854775804
9223372036854775807	9223372036854775806
922337203685477580805	9223372036854775805
select * from t1 where a<c;
a	c
-9223372036854775807	-9223372036854775805
9223372036854775806	9223372036854775807
select * from t1 where a<=c;
a	c
-9223372036854775807	-9223372036854775805
-9223372036854775808	-9223372036854775808
9223372036854775804	9223372036854775804
9223372036854775806	9223372036854775807
drop table t1;
SET time_zone='+00:00';
create table t1(a timestamp(6) not null default '2018-12-19 09:19:38.700796',b varchar(255),c datetime);
insert into t1 values('1970-01-01 00:00:01.000000','a','1970-01-01 00:00:01.000000'),('1970-01-01 00:00:01.000001','a','1970-01-01 00:00:01.000001'),('1970-01-02 00:00:01.000000','b','1970-01-02 00:00:01.000000'),('2038-01-19 03:14:07.999999','c','2038-01-19 03:14:07.999999'),('2038-01-19 03:14:07.999998','a','2038-01-18 03:14:07.999998'),('2038-01-18 03:14:07.999999','d','2038-01-19 03:14:07.999999'),('2012-01-02 12:12:12.000000','a','2012-01-02 12:12:12.000000');
insert into t1(b) values('a'),('b');
select * from t1 where a is null;
a	b	c
select * from t1 where a is not null;
a	b	c
1970-01-01 00:00:01.000000	a	1970-01-01 00:00:01
1970-01-01 00:00:01.000001	a	1970-01-01 00:00:01
1970-01-02 00:00:01.000000	b	1970-01-02 00:00:01
2012-01-02 12:12:12.000000	a	2012-01-02 12:12:12
2018-12-19 09:19:38.700796	a	NULL
2018-12-19 09:19:38.700796	b	NULL
2038-01-18 03:14:07.999999	d	2038-01-19 03:14:08
2038-01-19 03:14:07.999998	a	2038-01-18 03:14:08
2038-01-19 03:14:07.999999	c	2038-01-19 03:14:08
select * from t1 where a = '1970-01-01 00:00:01.000000';
a	b	c
1970-01-01 00:00:01.000000	a	1970-01-01 00:00:01
select * from t1 where a = '2038-01-19 03:14:07.999999';
a	b	c
2038-01-19 03:14:07.999999	c	2038-01-19 03:14:08
select * from t1 where a = '2012-01-02 12:12:12.000000';
a	b	c
2012-01-02 12:12:12.000000	a	2012-01-02 12:12:12
select * from t1 where a != '2012-01-02 12:12:12.000000';
a	b	c
1970-01-01 00:00:01.000000	a	1970-01-01 00:00:01
1970-01-01 00:00:01.000001	a	1970-01-01 00:00:01
1970-01-02 00:00:01.000000	b	1970-01-02 00:00:01
2018-12-19 09:19:38.700796	a	NULL
2018-12-19 09:19:38.700796	b	NULL
2038-01-18 03:14:07.999999	d	2038-01-19 03:14:08
2038-01-19 03:14:07.999998	a	2038-01-18 03:14:08
2038-01-19 03:14:07.999999	c	2038-01-19 03:14:08
select * from t1 where a <> '2012-01-02 12:12:12.000000';
a	b	c
1970-01-01 00:00:01.000000	a	1970-01-01 00:00:01
1970-01-01 00:00:01.000001	a	1970-01-01 00:00:01
1970-01-02 00:00:01.000000	b	1970-01-02 00:00:01
2018-12-19 09:19:38.700796	a	NULL
2018-12-19 09:19:38.700796	b	NULL
2038-01-18 03:14:07.999999	d	2038-01-19 03:14:08
2038-01-19 03:14:07.999998	a	2038-01-18 03:14:08
2038-01-19 03:14:07.999999	c	2038-01-19 03:14:08
select * from t1 where a <> '2012-01-02 12:12:12.000001';
a	b	c
1970-01-01 00:00:01.000000	a	1970-01-01 00:00:01
1970-01-01 00:00:01.000001	a	1970-01-01 00:00:01
1970-01-02 00:00:01.000000	b	1970-01-02 00:00:01
2012-01-02 12:12:12.000000	a	2012-01-02 12:12:12
2018-12-19 09:19:38.700796	a	NULL
2018-12-19 09:19:38.700796	b	NULL
2038-01-18 03:14:07.999999	d	2038-01-19 03:14:08
2038-01-19 03:14:07.999998	a	2038-01-18 03:14:08
2038-01-19 03:14:07.999999	c	2038-01-19 03:14:08
select * from t1 where a < '2038-01-19 03:14:07.999999' and a >='1970-01-01 00:00:01.000000';
a	b	c
1970-01-01 00:00:01.000000	a	1970-01-01 00:00:01
1970-01-01 00:00:01.000001	a	1970-01-01 00:00:01
1970-01-02 00:00:01.000000	b	1970-01-02 00:00:01
2012-01-02 12:12:12.000000	a	2012-01-02 12:12:12
2018-12-19 09:19:38.700796	a	NULL
2018-12-19 09:19:38.700796	b	NULL
2038-01-18 03:14:07.999999	d	2038-01-19 03:14:08
2038-01-19 03:14:07.999998	a	2038-01-18 03:14:08
select * from t1 where a <= '2038-01-18 03:14:07.999999' and a >'2012-01-02 12:12:12.000000';
a	b	c
2018-12-19 09:19:38.700796	a	NULL
2018-12-19 09:19:38.700796	b	NULL
2038-01-18 03:14:07.999999	d	2038-01-19 03:14:08
select * from t1 where a <=> '2012-01-02 12:12:12.000000';
a	b	c
2012-01-02 12:12:12.000000	a	2012-01-02 12:12:12
select * from t1 where a between '2012-01-02 12:12:12.000000' and '2038-01-18 03:14:07.999999';
a	b	c
2012-01-02 12:12:12.000000	a	2012-01-02 12:12:12
2018-12-19 09:19:38.700796	a	NULL
2018-12-19 09:19:38.700796	b	NULL
2038-01-18 03:14:07.999999	d	2038-01-19 03:14:08
select * from t1 where a in('1970-01-01 00:00:01.000000','2038-01-19 03:14:07.999999','2012-01-02 12:12:12.000000','2012-01-02 12:12:12.000001');
a	b	c
1970-01-01 00:00:01.000000	a	1970-01-01 00:00:01
2012-01-02 12:12:12.000000	a	2012-01-02 12:12:12
2038-01-19 03:14:07.999999	c	2038-01-19 03:14:08
select * from t1 where a='a1';
a	b	c
Warning	1292	Incorrect datetime value: 'a1' for column 'a' at row 1
Warning	1292	Incorrect datetime value: 'a1' for column 'a' at row 1
Warnings:
select * from t1 where a!=c;
a	b	c
1970-01-01 00:00:01.000001	a	1970-01-01 00:00:01
2038-01-18 03:14:07.999999	d	2038-01-19 03:14:08
2038-01-19 03:14:07.999998	a	2038-01-18 03:14:08
2038-01-19 03:14:07.999999	c	2038-01-19 03:14:08
select * from t1 where year(a)=2012;
a	b	c
2012-01-02 12:12:12.000000	a	2012-01-02 12:12:12
select * from t1 where a > '1960-01-01 00:00:01.000000';
a	b	c
1970-01-01 00:00:01.000000	a	1970-01-01 00:00:01
1970-01-01 00:00:01.000001	a	1970-01-01 00:00:01
1970-01-02 00:00:01.000000	b	1970-01-02 00:00:01
2012-01-02 12:12:12.000000	a	2012-01-02 12:12:12
2018-12-19 09:19:38.700796	a	NULL
2018-12-19 09:19:38.700796	b	NULL
2038-01-18 03:14:07.999999	d	2038-01-19 03:14:08
2038-01-19 03:14:07.999998	a	2038-01-18 03:14:08
2038-01-19 03:14:07.999999	c	2038-01-19 03:14:08
select * from t1 where a < '2039-01-01 00:00:01.000000';
a	b	c
1970-01-01 00:00:01.000000	a	1970-01-01 00:00:01
1970-01-01 00:00:01.000001	a	1970-01-01 00:00:01
1970-01-02 00:00:01.000000	b	1970-01-02 00:00:01
2012-01-02 12:12:12.000000	a	2012-01-02 12:12:12
2018-12-19 09:19:38.700796	a	NULL
2018-12-19 09:19:38.700796	b	NULL
2038-01-18 03:14:07.999999	d	2038-01-19 03:14:08
2038-01-19 03:14:07.999998	a	2038-01-18 03:14:08
2038-01-19 03:14:07.999999	c	2038-01-19 03:14:08
create index a on t1(a);
select * from t1 where a is null;
a	b	c
select * from t1 where a is not null;
a	b	c
1970-01-01 00:00:01.000000	a	1970-01-01 00:00:01
1970-01-01 00:00:01.000001	a	1970-01-01 00:00:01
1970-01-02 00:00:01.000000	b	1970-01-02 00:00:01
2012-01-02 12:12:12.000000	a	2012-01-02 12:12:12
2018-12-19 09:19:38.700796	a	NULL
2018-12-19 09:19:38.700796	b	NULL
2038-01-18 03:14:07.999999	d	2038-01-19 03:14:08
2038-01-19 03:14:07.999998	a	2038-01-18 03:14:08
2038-01-19 03:14:07.999999	c	2038-01-19 03:14:08
select * from t1 where a = '1970-01-01 00:00:01.000000';
a	b	c
1970-01-01 00:00:01.000000	a	1970-01-01 00:00:01
select * from t1 where a = '2038-01-19 03:14:07.999999';
a	b	c
2038-01-19 03:14:07.999999	c	2038-01-19 03:14:08
select * from t1 where a = '2012-01-02 12:12:12.000000';
a	b	c
2012-01-02 12:12:12.000000	a	2012-01-02 12:12:12
select * from t1 where a != '2012-01-02 12:12:12.000000';
a	b	c
1970-01-01 00:00:01.000000	a	1970-01-01 00:00:01
1970-01-01 00:00:01.000001	a	1970-01-01 00:00:01
1970-01-02 00:00:01.000000	b	1970-01-02 00:00:01
2018-12-19 09:19:38.700796	a	NULL
2018-12-19 09:19:38.700796	b	NULL
2038-01-18 03:14:07.999999	d	2038-01-19 03:14:08
2038-01-19 03:14:07.999998	a	2038-01-18 03:14:08
2038-01-19 03:14:07.999999	c	2038-01-19 03:14:08
select * from t1 where a <> '2012-01-02 12:12:12.000000';
a	b	c
1970-01-01 00:00:01.000000	a	1970-01-01 00:00:01
1970-01-01 00:00:01.000001	a	1970-01-01 00:00:01
1970-01-02 00:00:01.000000	b	1970-01-02 00:00:01
2018-12-19 09:19:38.700796	a	NULL
2018-12-19 09:19:38.700796	b	NULL
2038-01-18 03:14:07.999999	d	2038-01-19 03:14:08
2038-01-19 03:14:07.999998	a	2038-01-18 03:14:08
2038-01-19 03:14:07.999999	c	2038-01-19 03:14:08
select * from t1 where a <> '2012-01-02 12:12:12.000001';
a	b	c
1970-01-01 00:00:01.000000	a	1970-01-01 00:00:01
1970-01-01 00:00:01.000001	a	1970-01-01 00:00:01
1970-01-02 00:00:01.000000	b	1970-01-02 00:00:01
2012-01-02 12:12:12.000000	a	2012-01-02 12:12:12
2018-12-19 09:19:38.700796	a	NULL
2018-12-19 09:19:38.700796	b	NULL
2038-01-18 03:14:07.999999	d	2038-01-19 03:14:08
2038-01-19 03:14:07.999998	a	2038-01-18 03:14:08
2038-01-19 03:14:07.999999	c	2038-01-19 03:14:08
select * from t1 where a < '2038-01-19 03:14:07.999999' and a >='1970-01-01 00:00:01.000000';
a	b	c
1970-01-01 00:00:01.000000	a	1970-01-01 00:00:01
1970-01-01 00:00:01.000001	a	1970-01-01 00:00:01
1970-01-02 00:00:01.000000	b	1970-01-02 00:00:01
2012-01-02 12:12:12.000000	a	2012-01-02 12:12:12
2018-12-19 09:19:38.700796	a	NULL
2018-12-19 09:19:38.700796	b	NULL
2038-01-18 03:14:07.999999	d	2038-01-19 03:14:08
2038-01-19 03:14:07.999998	a	2038-01-18 03:14:08
select * from t1 where a <= '2038-01-18 03:14:07.999999' and a >'2012-01-02 12:12:12.000000';
a	b	c
2018-12-19 09:19:38.700796	a	NULL
2018-12-19 09:19:38.700796	b	NULL
2038-01-18 03:14:07.999999	d	2038-01-19 03:14:08
select * from t1 where a <=> '2012-01-02 12:12:12.000001';
a	b	c
select * from t1 where a between '2012-01-02 12:12:12.000000' and '2038-01-18 03:14:07.999999';
a	b	c
2012-01-02 12:12:12.000000	a	2012-01-02 12:12:12
2018-12-19 09:19:38.700796	a	NULL
2018-12-19 09:19:38.700796	b	NULL
2038-01-18 03:14:07.999999	d	2038-01-19 03:14:08
select * from t1 where a in('1970-01-01 00:00:01.000000','2038-01-19 03:14:07.999999','2012-01-02 12:12:12.000000','2012-01-02 12:12:12.000001');
a	b	c
1970-01-01 00:00:01.000000	a	1970-01-01 00:00:01
2012-01-02 12:12:12.000000	a	2012-01-02 12:12:12
2038-01-19 03:14:07.999999	c	2038-01-19 03:14:08
select * from t1 where a='a1';
a	b	c
Warning	1292	Incorrect datetime value: 'a1' for column 'a' at row 1
Warning	1292	Incorrect datetime value: 'a1' for column 'a' at row 1
Warning	1292	Incorrect datetime value: 'a1' for column 'a' at row 1
Warning	1292	Incorrect datetime value: 'a1' for column 'a' at row 1
Warning	1292	Incorrect datetime value: 'a1' for column 'a' at row 1
Warnings:
select * from t1 where year(a)=2012;
a	b	c
2012-01-02 12:12:12.000000	a	2012-01-02 12:12:12
select * from t1 where a > '1960-01-01 00:00:01.000000';
a	b	c
1970-01-01 00:00:01.000000	a	1970-01-01 00:00:01
1970-01-01 00:00:01.000001	a	1970-01-01 00:00:01
1970-01-02 00:00:01.000000	b	1970-01-02 00:00:01
2012-01-02 12:12:12.000000	a	2012-01-02 12:12:12
2018-12-19 09:19:38.700796	a	NULL
2018-12-19 09:19:38.700796	b	NULL
2038-01-18 03:14:07.999999	d	2038-01-19 03:14:08
2038-01-19 03:14:07.999998	a	2038-01-18 03:14:08
2038-01-19 03:14:07.999999	c	2038-01-19 03:14:08
Warning	1292	Incorrect datetime value: '1960-01-01 00:00:01.000000' for column 'a' at row 1
Warnings:
select * from t1 where a < '2039-01-01 00:00:01.000000';
a	b	c
1970-01-01 00:00:01.000000	a	1970-01-01 00:00:01
1970-01-01 00:00:01.000001	a	1970-01-01 00:00:01
1970-01-02 00:00:01.000000	b	1970-01-02 00:00:01
2012-01-02 12:12:12.000000	a	2012-01-02 12:12:12
2018-12-19 09:19:38.700796	a	NULL
2018-12-19 09:19:38.700796	b	NULL
2038-01-18 03:14:07.999999	d	2038-01-19 03:14:08
2038-01-19 03:14:07.999998	a	2038-01-18 03:14:08
2038-01-19 03:14:07.999999	c	2038-01-19 03:14:08
Warning	1292	Incorrect datetime value: '2039-01-01 00:00:01.000000' for column 'a' at row 1
Warnings:
drop table t1;
create table t1(a date, b varchar(255),c date);
insert into t1 values('1000-01-01','a','1000-01-01'),('9999-12-31','b','9999-12-31'),('9999-12-29','b','9999-12-30'),('9999-12-28','b','9999-12-31'),('1000-01-02','b','1000-01-01'),('1000-01-03','b','1000-01-04'),('2012-10-13','b','2012-10-12');
insert into t1(b) values('a'),('b');
select * from t1 where a is null;
a	b	c
NULL	a	NULL
NULL	b	NULL
select * from t1 where a is not null;
a	b	c
1000-01-01	a	1000-01-01
1000-01-02	b	1000-01-01
1000-01-03	b	1000-01-04
2012-10-13	b	2012-10-12
9999-12-28	b	9999-12-31
9999-12-29	b	9999-12-30
9999-12-31	b	9999-12-31
select * from t1 where a = '1000-01-01';
a	b	c
1000-01-01	a	1000-01-01
select * from t1 where a = '9999-12-31';
a	b	c
9999-12-31	b	9999-12-31
select * from t1 where a != '2012-10-13';
a	b	c
1000-01-01	a	1000-01-01
1000-01-02	b	1000-01-01
1000-01-03	b	1000-01-04
9999-12-28	b	9999-12-31
9999-12-29	b	9999-12-30
9999-12-31	b	9999-12-31
select * from t1 where a <> '2012-10-13';
a	b	c
1000-01-01	a	1000-01-01
1000-01-02	b	1000-01-01
1000-01-03	b	1000-01-04
9999-12-28	b	9999-12-31
9999-12-29	b	9999-12-30
9999-12-31	b	9999-12-31
select * from t1 where a < '9999-12-30' and a >= '2012-10-13';
a	b	c
2012-10-13	b	2012-10-12
9999-12-28	b	9999-12-31
9999-12-29	b	9999-12-30
select * from t1 where a <= '9999-12-30' and a > '2012-10-13';
a	b	c
9999-12-28	b	9999-12-31
9999-12-29	b	9999-12-30
select * from t1 where a <=> '2012-10-13';
a	b	c
2012-10-13	b	2012-10-12
select * from t1 where a between '2012-10-13' and '9999-12-30';
a	b	c
2012-10-13	b	2012-10-12
9999-12-28	b	9999-12-31
9999-12-29	b	9999-12-30
select * from t1 where a in('1000-01-01','9999-12-29','2013-10-12');
a	b	c
1000-01-01	a	1000-01-01
9999-12-29	b	9999-12-30
select * from t1 where a='a1';
a	b	c
Warning	1292	Incorrect date value: 'a1' for column 'a' at row 1
Warning	1292	Incorrect date value: 'a1' for column 'a' at row 1
Warnings:
select * from t1 where a<'10000-01-01';
a	b	c
1000-01-01	a	1000-01-01
1000-01-02	b	1000-01-01
1000-01-03	b	1000-01-04
Warning	1292	Incorrect date value: '10000-01-01' for column 'a' at row 1
Warnings:
select * from t1 where a=c;
a	b	c
1000-01-01	a	1000-01-01
9999-12-31	b	9999-12-31
select * from t1 where a!=c;
a	b	c
1000-01-02	b	1000-01-01
1000-01-03	b	1000-01-04
2012-10-13	b	2012-10-12
9999-12-28	b	9999-12-31
9999-12-29	b	9999-12-30
select * from t1 where a>c;
a	b	c
1000-01-02	b	1000-01-01
2012-10-13	b	2012-10-12
select * from t1 where a>=c;
a	b	c
1000-01-01	a	1000-01-01
1000-01-02	b	1000-01-01
2012-10-13	b	2012-10-12
9999-12-31	b	9999-12-31
select * from t1 where a<c;
a	b	c
1000-01-03	b	1000-01-04
9999-12-28	b	9999-12-31
9999-12-29	b	9999-12-30
select * from t1 where a<=c;
a	b	c
1000-01-01	a	1000-01-01
1000-01-03	b	1000-01-04
9999-12-28	b	9999-12-31
9999-12-29	b	9999-12-30
9999-12-31	b	9999-12-31
select * from t1 where year(a) in(1000,2012,2013);
a	b	c
1000-01-01	a	1000-01-01
1000-01-02	b	1000-01-01
1000-01-03	b	1000-01-04
2012-10-13	b	2012-10-12
create index a on t1(a);
select * from t1 where a is null;
a	b	c
NULL	a	NULL
NULL	b	NULL
select * from t1 where a is not null;
a	b	c
1000-01-01	a	1000-01-01
1000-01-02	b	1000-01-01
1000-01-03	b	1000-01-04
2012-10-13	b	2012-10-12
9999-12-28	b	9999-12-31
9999-12-29	b	9999-12-30
9999-12-31	b	9999-12-31
select * from t1 where a = '1000-01-01';
a	b	c
1000-01-01	a	1000-01-01
select * from t1 where a = '9999-12-31';
a	b	c
9999-12-31	b	9999-12-31
select * from t1 where a != '2012-10-13';
a	b	c
1000-01-01	a	1000-01-01
1000-01-02	b	1000-01-01
1000-01-03	b	1000-01-04
9999-12-28	b	9999-12-31
9999-12-29	b	9999-12-30
9999-12-31	b	9999-12-31
select * from t1 where a <> '2012-10-13';
a	b	c
1000-01-01	a	1000-01-01
1000-01-02	b	1000-01-01
1000-01-03	b	1000-01-04
9999-12-28	b	9999-12-31
9999-12-29	b	9999-12-30
9999-12-31	b	9999-12-31
select * from t1 where a < '9999-12-30' and a >= '2012-10-13';
a	b	c
2012-10-13	b	2012-10-12
9999-12-28	b	9999-12-31
9999-12-29	b	9999-12-30
select * from t1 where a <= '9999-12-30' and a > '2012-10-13';
a	b	c
9999-12-28	b	9999-12-31
9999-12-29	b	9999-12-30
select * from t1 where a <=> '2012-10-13';
a	b	c
2012-10-13	b	2012-10-12
select * from t1 where a between '2012-10-13' and '9999-12-30';
a	b	c
2012-10-13	b	2012-10-12
9999-12-28	b	9999-12-31
9999-12-29	b	9999-12-30
select * from t1 where a in('1000-01-01','9999-12-29','2013-10-12');
a	b	c
1000-01-01	a	1000-01-01
9999-12-29	b	9999-12-30
select * from t1 where a='a1';
a	b	c
Warning	1292	Incorrect date value: 'a1' for column 'a' at row 1
Warning	1292	Incorrect date value: 'a1' for column 'a' at row 1
Warning	1292	Incorrect date value: 'a1' for column 'a' at row 1
Warning	1292	Incorrect date value: 'a1' for column 'a' at row 1
Warning	1292	Incorrect date value: 'a1' for column 'a' at row 1
Warnings:
select * from t1 where a<'10000-01-01';
a	b	c
1000-01-01	a	1000-01-01
1000-01-02	b	1000-01-01
1000-01-03	b	1000-01-04
Warning	1292	Incorrect date value: '10000-01-01' for column 'a' at row 1
Warning	1292	Incorrect date value: '10000-01-01' for column 'a' at row 1
Warnings:
select * from t1 where a=c;
a	b	c
1000-01-01	a	1000-01-01
9999-12-31	b	9999-12-31
select * from t1 where a!=c;
a	b	c
1000-01-02	b	1000-01-01
1000-01-03	b	1000-01-04
2012-10-13	b	2012-10-12
9999-12-28	b	9999-12-31
9999-12-29	b	9999-12-30
select * from t1 where a>c;
a	b	c
1000-01-02	b	1000-01-01
2012-10-13	b	2012-10-12
select * from t1 where a>=c;
a	b	c
1000-01-01	a	1000-01-01
1000-01-02	b	1000-01-01
2012-10-13	b	2012-10-12
9999-12-31	b	9999-12-31
select * from t1 where a<c;
a	b	c
1000-01-03	b	1000-01-04
9999-12-28	b	9999-12-31
9999-12-29	b	9999-12-30
select * from t1 where a<=c;
a	b	c
1000-01-01	a	1000-01-01
1000-01-03	b	1000-01-04
9999-12-28	b	9999-12-31
9999-12-29	b	9999-12-30
9999-12-31	b	9999-12-31
select * from t1 where year(a) in(1000,2012,2013);
a	b	c
1000-01-01	a	1000-01-01
1000-01-02	b	1000-01-01
1000-01-03	b	1000-01-04
2012-10-13	b	2012-10-12
drop table t1;
create table t1(a bit(3), b char(255), c int);
insert into t1 values(1,'a',3),(2,'a',1),(3,'a',3),(4,'a',5),(5,'a',6),(6,'a',2),(7,'a',3);
insert into t1(b) values('a'),('b');
select hex(a),hex(c) from t1 where a is null;
hex(a)	hex(c)
NULL	NULL
NULL	NULL
select hex(a),hex(c) from t1 where a is not null;
hex(a)	hex(c)
1	3
2	1
3	3
4	5
5	6
6	2
7	3
select hex(a),hex(c) from t1 where a = 7;
hex(a)	hex(c)
7	3
select hex(a),hex(c) from t1 where a != 4;
hex(a)	hex(c)
1	3
2	1
3	3
5	6
6	2
7	3
select hex(a),hex(c) from t1 where a <> 5;
hex(a)	hex(c)
1	3
2	1
3	3
4	5
6	2
7	3
select hex(a),hex(c) from t1 where a < 4 and a >= 2;
hex(a)	hex(c)
2	1
3	3
select hex(a),hex(c) from t1 where a <= 5 and a > 2;
hex(a)	hex(c)
3	3
4	5
5	6
select hex(a),hex(c) from t1 where a <=> 3;
hex(a)	hex(c)
3	3
select hex(a),hex(c) from t1 where a between 3 and 5;
hex(a)	hex(c)
3	3
4	5
5	6
select hex(a),hex(c) from t1 where a in(1,3,8);
hex(a)	hex(c)
1	3
3	3
select hex(a),hex(c) from t1 where a='a1';
hex(a)	hex(c)
Warning	1292	Truncated incorrect DOUBLE value: 'a1'
Warnings:
select hex(a),hex(c) from t1 where a<8;
hex(a)	hex(c)
1	3
2	1
3	3
4	5
5	6
6	2
7	3
select hex(a),hex(c) from t1 where a=c;
hex(a)	hex(c)
3	3
select hex(a),hex(c) from t1 where a!=c;
hex(a)	hex(c)
1	3
2	1
4	5
5	6
6	2
7	3
select hex(a),hex(c) from t1 where a>c;
hex(a)	hex(c)
2	1
6	2
7	3
select hex(a),hex(c) from t1 where a>=c;
hex(a)	hex(c)
2	1
3	3
6	2
7	3
select hex(a),hex(c) from t1 where a<c;
hex(a)	hex(c)
1	3
4	5
5	6
select hex(a),hex(c) from t1 where a<=c;
hex(a)	hex(c)
1	3
3	3
4	5
5	6
select hex(a),hex(c) from t1 where hex(a) in(1,10);
hex(a)	hex(c)
1	3
create index a on t1(a);
select hex(a),hex(c) from t1 where a is null;
hex(a)	hex(c)
NULL	NULL
NULL	NULL
select hex(a),hex(c) from t1 where a is not null;
hex(a)	hex(c)
1	3
2	1
3	3
4	5
5	6
6	2
7	3
select hex(a),hex(c) from t1 where a = 7;
hex(a)	hex(c)
7	3
select hex(a),hex(c) from t1 where a != 4;
hex(a)	hex(c)
1	3
2	1
3	3
5	6
6	2
7	3
select hex(a),hex(c) from t1 where a <> 5;
hex(a)	hex(c)
1	3
2	1
3	3
4	5
6	2
7	3
select hex(a),hex(c) from t1 where a < 4 and a >= 2;
hex(a)	hex(c)
2	1
3	3
select hex(a),hex(c) from t1 where a <= 5 and a > 2;
hex(a)	hex(c)
3	3
4	5
5	6
select hex(a),hex(c) from t1 where a <=> 3;
hex(a)	hex(c)
3	3
select hex(a),hex(c) from t1 where a between 3 and 5;
hex(a)	hex(c)
3	3
4	5
5	6
select hex(a),hex(c) from t1 where a in(1,3,8);
hex(a)	hex(c)
1	3
3	3
select hex(a),hex(c) from t1 where a='a1';
hex(a)	hex(c)
select hex(a),hex(c) from t1 where a<8;
hex(a)	hex(c)
1	3
2	1
3	3
4	5
5	6
6	2
7	3
select hex(a),hex(c) from t1 where a=c;
hex(a)	hex(c)
3	3
select hex(a),hex(c) from t1 where a!=c;
hex(a)	hex(c)
1	3
2	1
4	5
5	6
6	2
7	3
select hex(a),hex(c) from t1 where a>c;
hex(a)	hex(c)
2	1
6	2
7	3
select hex(a),hex(c) from t1 where a>=c;
hex(a)	hex(c)
2	1
3	3
6	2
7	3
select hex(a),hex(c) from t1 where a<c;
hex(a)	hex(c)
1	3
4	5
5	6
select hex(a),hex(c) from t1 where a<=c;
hex(a)	hex(c)
1	3
3	3
4	5
5	6
select hex(a),hex(c) from t1 where hex(a) in(1,10);
hex(a)	hex(c)
1	3
select hex(a),hex(c) from t1 order by a;
hex(a)	hex(c)
NULL	NULL
NULL	NULL
1	3
2	1
3	3
4	5
5	6
6	2
7	3
select hex(a),hex(c) from t1 order by a desc limit 2 offset 2;
hex(a)	hex(c)
5	6
4	5
drop table t1;
create table t1(a year, b int, c year);
insert into t1 values(2155,1,2155),(2153,1,2154),(2154,1,2155),(2152,1,2154),(1901,1,1902),(1902,1,1901),(1903,1,1903),(2155,1,2155),(1902,1,2154);
insert into t1(b) values(1);
select * from t1 where a is null;
a	b	c
NULL	1	NULL
select * from t1 where a is not null;
a	b	c
1901	1	1902
1902	1	1901
1902	1	2154
1903	1	1903
2152	1	2154
2153	1	2154
2154	1	2155
2155	1	2155
2155	1	2155
select * from t1 where a = 1902;
a	b	c
1902	1	1901
1902	1	2154
select * from t1 where a != 1902;
a	b	c
1901	1	1902
1903	1	1903
2152	1	2154
2153	1	2154
2154	1	2155
2155	1	2155
2155	1	2155
select * from t1 where a <> 1902;
a	b	c
1901	1	1902
1903	1	1903
2152	1	2154
2153	1	2154
2154	1	2155
2155	1	2155
2155	1	2155
select * from t1 where a < 2153 and a >= 1903;
a	b	c
1903	1	1903
2152	1	2154
select * from t1 where a <= 2153 and a > 1903;
a	b	c
2152	1	2154
2153	1	2154
select * from t1 where a <=> 1902;
a	b	c
1902	1	1901
1902	1	2154
select * from t1 where a between 1903 and 2153;
a	b	c
1903	1	1903
2152	1	2154
2153	1	2154
select * from t1 where a in(1902,2155,1904);
a	b	c
1902	1	1901
1902	1	2154
2155	1	2155
2155	1	2155
select * from t1 where a='a1';
a	b	c
Warning	1292	Truncated incorrect DOUBLE value: 'a1'
Warnings:
select * from t1 where a<2156;
a	b	c
1901	1	1902
1902	1	1901
1902	1	2154
1903	1	1903
2152	1	2154
2153	1	2154
2154	1	2155
2155	1	2155
2155	1	2155
select * from t1 where a=c;
a	b	c
1903	1	1903
2155	1	2155
2155	1	2155
select * from t1 where a!=c;
a	b	c
1901	1	1902
1902	1	1901
1902	1	2154
2152	1	2154
2153	1	2154
2154	1	2155
select * from t1 where a>c;
a	b	c
1902	1	1901
select * from t1 where a>=c;
a	b	c
1902	1	1901
1903	1	1903
2155	1	2155
2155	1	2155
select * from t1 where a<c;
a	b	c
1901	1	1902
1902	1	2154
2152	1	2154
2153	1	2154
2154	1	2155
select * from t1 where a<=c;
a	b	c
1901	1	1902
1902	1	2154
1903	1	1903
2152	1	2154
2153	1	2154
2154	1	2155
2155	1	2155
2155	1	2155
create index a on t1(a);
select * from t1 where a is null;
a	b	c
NULL	1	NULL
select * from t1 where a is not null;
a	b	c
1901	1	1902
1902	1	1901
1902	1	2154
1903	1	1903
2152	1	2154
2153	1	2154
2154	1	2155
2155	1	2155
2155	1	2155
select * from t1 where a = 1902;
a	b	c
1902	1	1901
1902	1	2154
select * from t1 where a != 1902;
a	b	c
1901	1	1902
1903	1	1903
2152	1	2154
2153	1	2154
2154	1	2155
2155	1	2155
2155	1	2155
select * from t1 where a <> 1902;
a	b	c
1901	1	1902
1903	1	1903
2152	1	2154
2153	1	2154
2154	1	2155
2155	1	2155
2155	1	2155
select * from t1 where a < 2153 and a >= 1903;
a	b	c
1903	1	1903
2152	1	2154
select * from t1 where a <= 2153 and a > 1903;
a	b	c
2152	1	2154
2153	1	2154
select * from t1 where a <=> 1902;
a	b	c
1902	1	1901
1902	1	2154
select * from t1 where a between 1903 and 2153;
a	b	c
1903	1	1903
2152	1	2154
2153	1	2154
select * from t1 where a in(1902,2155,1904);
a	b	c
1902	1	1901
1902	1	2154
2155	1	2155
2155	1	2155
select * from t1 where a='a1';
a	b	c
select * from t1 where a<2156;
a	b	c
select * from t1 where a=c;
a	b	c
1903	1	1903
2155	1	2155
2155	1	2155
select * from t1 where a!=c;
a	b	c
1901	1	1902
1902	1	1901
1902	1	2154
2152	1	2154
2153	1	2154
2154	1	2155
select * from t1 where a>c;
a	b	c
1902	1	1901
select * from t1 where a>=c;
a	b	c
1902	1	1901
1903	1	1903
2155	1	2155
2155	1	2155
select * from t1 where a<c;
a	b	c
1901	1	1902
1902	1	2154
2152	1	2154
2153	1	2154
2154	1	2155
select * from t1 where a<=c;
a	b	c
1901	1	1902
1902	1	2154
1903	1	1903
2152	1	2154
2153	1	2154
2154	1	2155
2155	1	2155
2155	1	2155
select * from t1 order by a desc;
a	b	c
2155	1	2155
2155	1	2155
2154	1	2155
2153	1	2154
2152	1	2154
1903	1	1903
1902	1	1901
1902	1	2154
1901	1	1902
NULL	1	NULL
select * from t1 order by a asc limit 1 offset 2;
a	b	c
1902	1	1901
drop table t1;
create table t1(a time, b char,c time);
insert into t1 values('-838:59:59.0000','a','-838:59:59.0000'),('-838:59:56.0000','a','-838:59:57.0008'),('-838:59:58.0002','a','-838:59:56.0003'),('838:59:59.0000','a','838:59:59.0000'),('838:59:58.0002','a','838:59:57.0001'),('838:59:57.0002','a','838:59:58.0003');
insert into t1(b) values('a');
select * from t1 where a is null;
a	b	c
NULL	a	NULL
select * from t1 where a is not null;
a	b	c
-838:59:56	a	-838:59:57
-838:59:58	a	-838:59:56
-838:59:59	a	-838:59:59
838:59:57	a	838:59:58
838:59:58	a	838:59:57
838:59:59	a	838:59:59
select * from t1 where a != '-838:59:58.0002';
a	b	c
-838:59:56	a	-838:59:57
-838:59:59	a	-838:59:59
838:59:57	a	838:59:58
838:59:58	a	838:59:57
838:59:59	a	838:59:59
select * from t1 where a <> '838:59:58.0002';
a	b	c
-838:59:56	a	-838:59:57
-838:59:58	a	-838:59:56
-838:59:59	a	-838:59:59
838:59:57	a	838:59:58
838:59:59	a	838:59:59
select * from t1 where a < '838:59:58.0002' and a >= '-838:59:58.0002';
a	b	c
-838:59:56	a	-838:59:57
-838:59:58	a	-838:59:56
838:59:57	a	838:59:58
select * from t1 where a <= '838:59:58.0002' and a > '-838:59:58.0002';
a	b	c
-838:59:56	a	-838:59:57
838:59:57	a	838:59:58
838:59:58	a	838:59:57
select * from t1 where a between '-838:59:58.0002' and '838:59:58.0002';
a	b	c
-838:59:56	a	-838:59:57
-838:59:58	a	-838:59:56
838:59:57	a	838:59:58
838:59:58	a	838:59:57
select * from t1 where a='a1';
a	b	c
Warning	1292	Incorrect time value: 'a1' for column 'a' at row 1
Warnings:
select * from t1 where a=c;
a	b	c
-838:59:59	a	-838:59:59
838:59:59	a	838:59:59
select * from t1 where a!=c;
a	b	c
-838:59:56	a	-838:59:57
-838:59:58	a	-838:59:56
838:59:57	a	838:59:58
838:59:58	a	838:59:57
select * from t1 where a>c;
a	b	c
-838:59:56	a	-838:59:57
838:59:58	a	838:59:57
select * from t1 where a>=c;
a	b	c
-838:59:56	a	-838:59:57
-838:59:59	a	-838:59:59
838:59:58	a	838:59:57
838:59:59	a	838:59:59
select * from t1 where a<c;
a	b	c
-838:59:58	a	-838:59:56
838:59:57	a	838:59:58
select * from t1 where a<=c;
a	b	c
-838:59:58	a	-838:59:56
-838:59:59	a	-838:59:59
838:59:57	a	838:59:58
838:59:59	a	838:59:59
select * from t1 where time_to_sec(a) = 3020398;
a	b	c
838:59:58	a	838:59:57
create index a on t1(a);
select * from t1 where a is null;
a	b	c
NULL	a	NULL
select * from t1 where a is not null;
a	b	c
-838:59:56	a	-838:59:57
-838:59:58	a	-838:59:56
-838:59:59	a	-838:59:59
838:59:57	a	838:59:58
838:59:58	a	838:59:57
838:59:59	a	838:59:59
select * from t1 where a != '-838:59:58.0002';
a	b	c
-838:59:56	a	-838:59:57
-838:59:59	a	-838:59:59
838:59:57	a	838:59:58
838:59:58	a	838:59:57
838:59:59	a	838:59:59
select * from t1 where a <> '838:59:58.0002';
a	b	c
-838:59:56	a	-838:59:57
-838:59:58	a	-838:59:56
-838:59:59	a	-838:59:59
838:59:57	a	838:59:58
838:59:59	a	838:59:59
select * from t1 where a < '838:59:58.0002' and a >= '-838:59:58.0002';
a	b	c
-838:59:56	a	-838:59:57
-838:59:58	a	-838:59:56
838:59:57	a	838:59:58
select * from t1 where a <= '838:59:58.0002' and a > '-838:59:58.0002';
a	b	c
-838:59:56	a	-838:59:57
838:59:57	a	838:59:58
838:59:58	a	838:59:57
select * from t1 where a between '-838:59:58.0002' and '838:59:58.0002';
a	b	c
-838:59:56	a	-838:59:57
-838:59:58	a	-838:59:56
838:59:57	a	838:59:58
838:59:58	a	838:59:57
select * from t1 where a='a1';
a	b	c
Warning	1292	Incorrect time value: 'a1' for column 'a' at row 1
Warning	1292	Incorrect time value: 'a1' for column 'a' at row 1
Warning	1292	Incorrect time value: 'a1' for column 'a' at row 1
Warning	1292	Incorrect time value: 'a1' for column 'a' at row 1
Warnings:
select * from t1 where a=c;
a	b	c
-838:59:59	a	-838:59:59
838:59:59	a	838:59:59
select * from t1 where a!=c;
a	b	c
-838:59:56	a	-838:59:57
-838:59:58	a	-838:59:56
838:59:57	a	838:59:58
838:59:58	a	838:59:57
select * from t1 where a>c;
a	b	c
-838:59:56	a	-838:59:57
838:59:58	a	838:59:57
select * from t1 where a>=c;
a	b	c
-838:59:56	a	-838:59:57
-838:59:59	a	-838:59:59
838:59:58	a	838:59:57
838:59:59	a	838:59:59
select * from t1 where a<c;
a	b	c
-838:59:58	a	-838:59:56
838:59:57	a	838:59:58
select * from t1 where a<=c;
a	b	c
-838:59:58	a	-838:59:56
-838:59:59	a	-838:59:59
838:59:57	a	838:59:58
838:59:59	a	838:59:59
select * from t1 where time_to_sec(a) = 3020398;
a	b	c
838:59:58	a	838:59:57
select * from t1 order by a desc;
a	b	c
838:59:59	a	838:59:59
838:59:58	a	838:59:57
838:59:57	a	838:59:58
-838:59:56	a	-838:59:57
-838:59:58	a	-838:59:56
-838:59:59	a	-838:59:59
NULL	a	NULL
select * from t1 order by a asc limit 1 offset 2;
a	b	c
-838:59:58	a	-838:59:56
drop table t1;
create table t1(a enum('1','2','3','a','b','c','d'),b int, c set('1','2','3','a','b','c','d'));
insert into t1 values('d',1,'c'),('1',2,'1'),('a',3,'c'),('b',4,'1,b'),('c',5,'1,d');
insert into t1(b) values(6);
select * from t1 where a is null;
a	b	c
NULL	6	NULL
select * from t1 where a is not null;
a	b	c
1	2	1
a	3	c
b	4	1,b
c	5	1,d
d	1	c
select * from t1 where a = 'c';
a	b	c
c	5	1,d
select * from t1 where a != 'c';
a	b	c
1	2	1
a	3	c
b	4	1,b
d	1	c
select * from t1 where a <> 'c';
a	b	c
1	2	1
a	3	c
b	4	1,b
d	1	c
select * from t1 where a <=> 'c';
a	b	c
c	5	1,d
select * from t1 where a < 'c' and a >= '1';
a	b	c
1	2	1
a	3	c
b	4	1,b
select * from t1 where a <= 'c' and a > '1';
a	b	c
a	3	c
b	4	1,b
c	5	1,d
select * from t1 where a = c;
a	b	c
1	2	1
select * from t1 where a < c;
a	b	c
a	3	c
select * from t1 where a > c;
a	b	c
b	4	1,b
c	5	1,d
d	1	c
select * from t1 where a != c;
a	b	c
a	3	c
b	4	1,b
c	5	1,d
d	1	c
select * from t1 where a between 'c' and 'd';
a	b	c
c	5	1,d
d	1	c
select * from t1 where a in ('c','d','f');
a	b	c
c	5	1,d
d	1	c
select * from t1 where a = 1;
a	b	c
1	2	1
select * from t1 where a = 'fff';
a	b	c
select * from t1 where UPPER(a) = 'C';
a	b	c
c	5	1,d
create index a on t1(a);
select * from t1 where a is null;
a	b	c
NULL	6	NULL
select * from t1 where a is not null;
a	b	c
1	2	1
a	3	c
b	4	1,b
c	5	1,d
d	1	c
select * from t1 where a = 'c';
a	b	c
c	5	1,d
select * from t1 where a != 'c';
a	b	c
1	2	1
a	3	c
b	4	1,b
d	1	c
select * from t1 where a <> 'c';
a	b	c
1	2	1
a	3	c
b	4	1,b
d	1	c
select * from t1 where a <=> 'c';
a	b	c
c	5	1,d
select * from t1 where a < 'c' and a >= '1';
a	b	c
1	2	1
a	3	c
b	4	1,b
select * from t1 where a <= 'c' and a > '1';
a	b	c
a	3	c
b	4	1,b
c	5	1,d
select * from t1 where a = c;
a	b	c
1	2	1
select * from t1 where a < c;
a	b	c
a	3	c
select * from t1 where a > c;
a	b	c
b	4	1,b
c	5	1,d
d	1	c
select * from t1 where a != c;
a	b	c
a	3	c
b	4	1,b
c	5	1,d
d	1	c
select * from t1 where a between 'c' and 'd';
a	b	c
c	5	1,d
d	1	c
select * from t1 where a in ('c','d','f');
a	b	c
c	5	1,d
d	1	c
select * from t1 where a = 1;
a	b	c
1	2	1
select * from t1 where a = 'fff';
a	b	c
select * from t1 where UPPER(a) = 'C';
a	b	c
c	5	1,d
select * from t1 order by a;
a	b	c
NULL	6	NULL
1	2	1
a	3	c
b	4	1,b
c	5	1,d
d	1	c
select * from t1 order by a desc limit 1 offset 2;
a	b	c
b	4	1,b
drop table t1;
create table t1(a set('1','2','3','a','b','c','d'),b int, c enum('1','2','3','a','b','c','d'));
insert into t1 values('d',1,'c'),('1',2,'1'),('a',3,'c'),('1,b',4,'b'),('1,d',5,c);
insert into t1(b) values(6);
select * from t1 where a is null;
a	b	c
NULL	6	NULL
select * from t1 where a is not null;
a	b	c
1	2	1
1,b	4	b
1,d	5	NULL
a	3	c
d	1	c
select * from t1 where a = '1';
a	b	c
1	2	1
select * from t1 where a != '1';
a	b	c
1,b	4	b
1,d	5	NULL
a	3	c
d	1	c
select * from t1 where a <> '1';
a	b	c
1,b	4	b
1,d	5	NULL
a	3	c
d	1	c
select * from t1 where a <=> '1';
a	b	c
1	2	1
select * from t1 where a < 'a' and a >= '1';
a	b	c
1	2	1
1,b	4	b
1,d	5	NULL
select * from t1 where a <= 'a' and a > '1';
a	b	c
1,b	4	b
1,d	5	NULL
a	3	c
select * from t1 where a = c;
a	b	c
1	2	1
select * from t1 where a < c;
a	b	c
1,b	4	b
a	3	c
select * from t1 where a > c;
a	b	c
d	1	c
select * from t1 where a != c;
a	b	c
1,b	4	b
a	3	c
d	1	c
select * from t1 where a between 'a' and 'd';
a	b	c
a	3	c
d	1	c
select * from t1 where a in ('1,b','d','f');
a	b	c
1,b	4	b
d	1	c
select * from t1 where a = 1;
a	b	c
1	2	1
select * from t1 where a = 'fff';
a	b	c
select * from t1 where UPPER(a) = 'D';
a	b	c
d	1	c
create index a on t1(a);
select * from t1 where a is null;
a	b	c
NULL	6	NULL
select * from t1 where a is not null;
a	b	c
1	2	1
1,b	4	b
1,d	5	NULL
a	3	c
d	1	c
select * from t1 where a = '1';
a	b	c
1	2	1
select * from t1 where a != '1';
a	b	c
1,b	4	b
1,d	5	NULL
a	3	c
d	1	c
select * from t1 where a <> '1';
a	b	c
1,b	4	b
1,d	5	NULL
a	3	c
d	1	c
select * from t1 where a <=> '1';
a	b	c
1	2	1
select * from t1 where a < 'a' and a >= '1';
a	b	c
1	2	1
1,b	4	b
1,d	5	NULL
select * from t1 where a <= 'a' and a > '1';
a	b	c
1,b	4	b
1,d	5	NULL
a	3	c
select * from t1 where a = c;
a	b	c
1	2	1
select * from t1 where a < c;
a	b	c
1,b	4	b
a	3	c
select * from t1 where a > c;
a	b	c
d	1	c
select * from t1 where a != c;
a	b	c
1,b	4	b
a	3	c
d	1	c
select * from t1 where a between 'a' and 'd';
a	b	c
a	3	c
d	1	c
select * from t1 where a in ('1,b','d','f');
a	b	c
1,b	4	b
d	1	c
select * from t1 where a = 1;
a	b	c
1	2	1
select * from t1 where a = 'fff';
a	b	c
select * from t1 where UPPER(a) = 'D';
a	b	c
d	1	c
select * from t1 order by a;
a	b	c
NULL	6	NULL
1	2	1
a	3	c
1,b	4	b
d	1	c
1,d	5	NULL
select * from t1 order by a desc limit 1 offset 2;
a	b	c
1,b	4	b
drop table t1;
create table t1(a datetime(6), b int, c datetime(6));
insert into t1 values('1000-01-01 00:00:00.999999',1,'1000-01-01 00:00:00.999999'),('9999-12-31 23:59:59.999999',2,'9999-12-31 23:59:59.999999');
insert into t1 values('1000-01-01 00:00:01.000001',3,'1000-01-01 00:00:01.000002'),('1000-01-01 00:00:01.000003',4,'1000-01-01 00:00:01.000002'),('1000-01-02 00:00:01.000000',5,'1000-01-02 00:00:01.000000'),('9999-12-31 23:59:59.999998',6,'9999-12-31 23:59:59.999997'),('9999-12-31 23:59:59.999995',7,'9999-12-31 23:59:59.999996'),('2012-01-02 12:12:12.000000',9,'2012-01-02 12:12:12.000000');
insert into t1(b) values(10);
select * from t1 where a is null;
a	b	c
NULL	10	NULL
select * from t1 where a is not null;
a	b	c
1000-01-01 00:00:00.999999	1	1000-01-01 00:00:00.999999
1000-01-01 00:00:01.000001	3	1000-01-01 00:00:01.000002
1000-01-01 00:00:01.000003	4	1000-01-01 00:00:01.000002
1000-01-02 00:00:01.000000	5	1000-01-02 00:00:01.000000
2012-01-02 12:12:12.000000	9	2012-01-02 12:12:12.000000
9999-12-31 23:59:59.999995	7	9999-12-31 23:59:59.999996
9999-12-31 23:59:59.999998	6	9999-12-31 23:59:59.999997
9999-12-31 23:59:59.999999	2	9999-12-31 23:59:59.999999
select * from t1 where a = '2012-01-02 12:12:12.000000';
a	b	c
2012-01-02 12:12:12.000000	9	2012-01-02 12:12:12.000000
select * from t1 where a != '2012-01-02 12:12:12.000000';
a	b	c
1000-01-01 00:00:00.999999	1	1000-01-01 00:00:00.999999
1000-01-01 00:00:01.000001	3	1000-01-01 00:00:01.000002
1000-01-01 00:00:01.000003	4	1000-01-01 00:00:01.000002
1000-01-02 00:00:01.000000	5	1000-01-02 00:00:01.000000
9999-12-31 23:59:59.999995	7	9999-12-31 23:59:59.999996
9999-12-31 23:59:59.999998	6	9999-12-31 23:59:59.999997
9999-12-31 23:59:59.999999	2	9999-12-31 23:59:59.999999
select * from t1 where a <> '2012-01-02 12:12:12.000000';
a	b	c
1000-01-01 00:00:00.999999	1	1000-01-01 00:00:00.999999
1000-01-01 00:00:01.000001	3	1000-01-01 00:00:01.000002
1000-01-01 00:00:01.000003	4	1000-01-01 00:00:01.000002
1000-01-02 00:00:01.000000	5	1000-01-02 00:00:01.000000
9999-12-31 23:59:59.999995	7	9999-12-31 23:59:59.999996
9999-12-31 23:59:59.999998	6	9999-12-31 23:59:59.999997
9999-12-31 23:59:59.999999	2	9999-12-31 23:59:59.999999
select * from t1 where a < '9999-12-31 23:59:59.999998' and a >='2012-01-02 12:12:12.000000';
a	b	c
2012-01-02 12:12:12.000000	9	2012-01-02 12:12:12.000000
9999-12-31 23:59:59.999995	7	9999-12-31 23:59:59.999996
select * from t1 where a <= '9999-12-31 23:59:59.999998' and a >'2012-01-02 12:12:12.000000';
a	b	c
9999-12-31 23:59:59.999995	7	9999-12-31 23:59:59.999996
9999-12-31 23:59:59.999998	6	9999-12-31 23:59:59.999997
select * from t1 where a <=> '2012-01-02 12:12:12.000000';
a	b	c
2012-01-02 12:12:12.000000	9	2012-01-02 12:12:12.000000
select * from t1 where a between '2012-01-02 12:12:12.000000' and '2038-01-18 03:14:07.999999';
a	b	c
2012-01-02 12:12:12.000000	9	2012-01-02 12:12:12.000000
select * from t1 where a in('9999-12-31 23:59:59.999998','2012-01-02 12:12:12.000000','2012-01-02 12:12:12.000001');
a	b	c
2012-01-02 12:12:12.000000	9	2012-01-02 12:12:12.000000
9999-12-31 23:59:59.999998	6	9999-12-31 23:59:59.999997
select * from t1 where a='a1';
a	b	c
Warning	1292	Incorrect datetime value: 'a1' for column 'a' at row 1
Warning	1292	Incorrect datetime value: 'a1' for column 'a' at row 1
Warnings:
select * from t1 where a=c;
a	b	c
1000-01-01 00:00:00.999999	1	1000-01-01 00:00:00.999999
1000-01-02 00:00:01.000000	5	1000-01-02 00:00:01.000000
2012-01-02 12:12:12.000000	9	2012-01-02 12:12:12.000000
9999-12-31 23:59:59.999999	2	9999-12-31 23:59:59.999999
select * from t1 where a!=c;
a	b	c
1000-01-01 00:00:01.000001	3	1000-01-01 00:00:01.000002
1000-01-01 00:00:01.000003	4	1000-01-01 00:00:01.000002
9999-12-31 23:59:59.999995	7	9999-12-31 23:59:59.999996
9999-12-31 23:59:59.999998	6	9999-12-31 23:59:59.999997
select * from t1 where a>c;
a	b	c
1000-01-01 00:00:01.000003	4	1000-01-01 00:00:01.000002
9999-12-31 23:59:59.999998	6	9999-12-31 23:59:59.999997
select * from t1 where a<c;
a	b	c
1000-01-01 00:00:01.000001	3	1000-01-01 00:00:01.000002
9999-12-31 23:59:59.999995	7	9999-12-31 23:59:59.999996
select * from t1 where year(a)=2012;
a	b	c
2012-01-02 12:12:12.000000	9	2012-01-02 12:12:12.000000
select * from t1 where a > '10000-01-01 00:00:01.000000';
a	b	c
2012-01-02 12:12:12.000000	9	2012-01-02 12:12:12.000000
9999-12-31 23:59:59.999995	7	9999-12-31 23:59:59.999996
9999-12-31 23:59:59.999998	6	9999-12-31 23:59:59.999997
9999-12-31 23:59:59.999999	2	9999-12-31 23:59:59.999999
Warning	1292	Incorrect datetime value: '10000-01-01 00:00:01.000000' for column 'a' at row 1
Warnings:
create index a on t1(a);
select * from t1 where a is null;
a	b	c
NULL	10	NULL
select * from t1 where a is not null;
a	b	c
1000-01-01 00:00:00.999999	1	1000-01-01 00:00:00.999999
1000-01-01 00:00:01.000001	3	1000-01-01 00:00:01.000002
1000-01-01 00:00:01.000003	4	1000-01-01 00:00:01.000002
1000-01-02 00:00:01.000000	5	1000-01-02 00:00:01.000000
2012-01-02 12:12:12.000000	9	2012-01-02 12:12:12.000000
9999-12-31 23:59:59.999995	7	9999-12-31 23:59:59.999996
9999-12-31 23:59:59.999998	6	9999-12-31 23:59:59.999997
9999-12-31 23:59:59.999999	2	9999-12-31 23:59:59.999999
select * from t1 where a = '2012-01-02 12:12:12.000000';
a	b	c
2012-01-02 12:12:12.000000	9	2012-01-02 12:12:12.000000
select * from t1 where a != '2012-01-02 12:12:12.000000';
a	b	c
1000-01-01 00:00:00.999999	1	1000-01-01 00:00:00.999999
1000-01-01 00:00:01.000001	3	1000-01-01 00:00:01.000002
1000-01-01 00:00:01.000003	4	1000-01-01 00:00:01.000002
1000-01-02 00:00:01.000000	5	1000-01-02 00:00:01.000000
9999-12-31 23:59:59.999995	7	9999-12-31 23:59:59.999996
9999-12-31 23:59:59.999998	6	9999-12-31 23:59:59.999997
9999-12-31 23:59:59.999999	2	9999-12-31 23:59:59.999999
select * from t1 where a <> '2012-01-02 12:12:12.000000';
a	b	c
1000-01-01 00:00:00.999999	1	1000-01-01 00:00:00.999999
1000-01-01 00:00:01.000001	3	1000-01-01 00:00:01.000002
1000-01-01 00:00:01.000003	4	1000-01-01 00:00:01.000002
1000-01-02 00:00:01.000000	5	1000-01-02 00:00:01.000000
9999-12-31 23:59:59.999995	7	9999-12-31 23:59:59.999996
9999-12-31 23:59:59.999998	6	9999-12-31 23:59:59.999997
9999-12-31 23:59:59.999999	2	9999-12-31 23:59:59.999999
select * from t1 where a < '9999-12-31 23:59:59.999998' and a >='2012-01-02 12:12:12.000000';
a	b	c
2012-01-02 12:12:12.000000	9	2012-01-02 12:12:12.000000
9999-12-31 23:59:59.999995	7	9999-12-31 23:59:59.999996
select * from t1 where a <= '9999-12-31 23:59:59.999998' and a >'2012-01-02 12:12:12.000000';
a	b	c
9999-12-31 23:59:59.999995	7	9999-12-31 23:59:59.999996
9999-12-31 23:59:59.999998	6	9999-12-31 23:59:59.999997
select * from t1 where a <=> '2012-01-02 12:12:12.000000';
a	b	c
2012-01-02 12:12:12.000000	9	2012-01-02 12:12:12.000000
select * from t1 where a between '2012-01-02 12:12:12.000000' and '2038-01-18 03:14:07.999999';
a	b	c
2012-01-02 12:12:12.000000	9	2012-01-02 12:12:12.000000
select * from t1 where a in('9999-12-31 23:59:59.999998','2012-01-02 12:12:12.000000','2012-01-02 12:12:12.000001');
a	b	c
2012-01-02 12:12:12.000000	9	2012-01-02 12:12:12.000000
9999-12-31 23:59:59.999998	6	9999-12-31 23:59:59.999997
select * from t1 where a='a1';
a	b	c
Warning	1292	Incorrect datetime value: 'a1' for column 'a' at row 1
Warning	1292	Incorrect datetime value: 'a1' for column 'a' at row 1
Warning	1292	Incorrect datetime value: 'a1' for column 'a' at row 1
Warning	1292	Incorrect datetime value: 'a1' for column 'a' at row 1
Warning	1292	Incorrect datetime value: 'a1' for column 'a' at row 1
Warnings:
select * from t1 where a=c;
a	b	c
1000-01-01 00:00:00.999999	1	1000-01-01 00:00:00.999999
1000-01-02 00:00:01.000000	5	1000-01-02 00:00:01.000000
2012-01-02 12:12:12.000000	9	2012-01-02 12:12:12.000000
9999-12-31 23:59:59.999999	2	9999-12-31 23:59:59.999999
select * from t1 where a!=c;
a	b	c
1000-01-01 00:00:01.000001	3	1000-01-01 00:00:01.000002
1000-01-01 00:00:01.000003	4	1000-01-01 00:00:01.000002
9999-12-31 23:59:59.999995	7	9999-12-31 23:59:59.999996
9999-12-31 23:59:59.999998	6	9999-12-31 23:59:59.999997
select * from t1 where a>c;
a	b	c
1000-01-01 00:00:01.000003	4	1000-01-01 00:00:01.000002
9999-12-31 23:59:59.999998	6	9999-12-31 23:59:59.999997
select * from t1 where a<c;
a	b	c
1000-01-01 00:00:01.000001	3	1000-01-01 00:00:01.000002
9999-12-31 23:59:59.999995	7	9999-12-31 23:59:59.999996
select * from t1 where year(a)=2012;
a	b	c
2012-01-02 12:12:12.000000	9	2012-01-02 12:12:12.000000
select * from t1 where a > '10000-01-01 00:00:01.000000';
a	b	c
2012-01-02 12:12:12.000000	9	2012-01-02 12:12:12.000000
9999-12-31 23:59:59.999995	7	9999-12-31 23:59:59.999996
9999-12-31 23:59:59.999998	6	9999-12-31 23:59:59.999997
9999-12-31 23:59:59.999999	2	9999-12-31 23:59:59.999999
Warning	1292	Incorrect datetime value: '10000-01-01 00:00:01.000000' for column 'a' at row 1
Warning	1292	Incorrect datetime value: '10000-01-01 00:00:01.000000' for column 'a' at row 1
Warnings:
select * from t1 order by a desc;
a	b	c
9999-12-31 23:59:59.999999	2	9999-12-31 23:59:59.999999
9999-12-31 23:59:59.999998	6	9999-12-31 23:59:59.999997
9999-12-31 23:59:59.999995	7	9999-12-31 23:59:59.999996
2012-01-02 12:12:12.000000	9	2012-01-02 12:12:12.000000
1000-01-02 00:00:01.000000	5	1000-01-02 00:00:01.000000
1000-01-01 00:00:01.000003	4	1000-01-01 00:00:01.000002
1000-01-01 00:00:01.000001	3	1000-01-01 00:00:01.000002
1000-01-01 00:00:00.999999	1	1000-01-01 00:00:00.999999
NULL	10	NULL
select * from t1 order by a limit 1 offset 2;
a	b	c
1000-01-01 00:00:01.000001	3	1000-01-01 00:00:01.000002
drop table t1;
create table t1(a tinyint,b int, c int);
insert into t1 values(-128,1,-127),(-127,2,-127),(-126,3,-129),(127,4,126),(125,5,125),(126,6,127),(125,7,124);
insert into t1(b) values(8);
select * from t1 where a is null;
a	b	c
NULL	8	NULL
select * from t1 where a is not null;
a	b	c
-126	3	-129
-127	2	-127
-128	1	-127
125	5	125
125	7	124
126	6	127
127	4	126
select * from t1 where a = 125;
a	b	c
125	5	125
125	7	124
select * from t1 where a != 125;
a	b	c
-126	3	-129
-127	2	-127
-128	1	-127
126	6	127
127	4	126
select * from t1 where a <> 125;
a	b	c
-126	3	-129
-127	2	-127
-128	1	-127
126	6	127
127	4	126
select * from t1 where a < 125 and a >= -127;
a	b	c
-126	3	-129
-127	2	-127
select * from t1 where a <= 125 and a > -127;
a	b	c
-126	3	-129
125	5	125
125	7	124
select * from t1 where a <=> -127;
a	b	c
-127	2	-127
select * from t1 where a between -127 and 127;
a	b	c
-126	3	-129
-127	2	-127
125	5	125
125	7	124
126	6	127
127	4	126
select * from t1 where a in(-127,125,129);
a	b	c
-127	2	-127
125	5	125
125	7	124
select * from t1 where a = 'a1';
a	b	c
Warning	1292	Truncated incorrect DOUBLE value: 'a1'
Warnings:
select * from t1 where a = c;
a	b	c
-127	2	-127
125	5	125
select * from t1 where a != c;
a	b	c
-126	3	-129
-128	1	-127
125	7	124
126	6	127
127	4	126
select * from t1 where a > c;
a	b	c
-126	3	-129
125	7	124
127	4	126
select * from t1 where a < c;
a	b	c
-128	1	-127
126	6	127
select * from t1 where abs(a) = 128;
a	b	c
-128	1	-127
select * from t1 where a > 129;
a	b	c
create index a on t1(a);
select * from t1 where a is null;
a	b	c
NULL	8	NULL
select * from t1 where a is not null;
a	b	c
-126	3	-129
-127	2	-127
-128	1	-127
125	5	125
125	7	124
126	6	127
127	4	126
select * from t1 where a = 125;
a	b	c
125	5	125
125	7	124
select * from t1 where a != 125;
a	b	c
-126	3	-129
-127	2	-127
-128	1	-127
126	6	127
127	4	126
select * from t1 where a <> 125;
a	b	c
-126	3	-129
-127	2	-127
-128	1	-127
126	6	127
127	4	126
select * from t1 where a < 125 and a >= -127;
a	b	c
-126	3	-129
-127	2	-127
select * from t1 where a <= 125 and a > -127;
a	b	c
-126	3	-129
125	5	125
125	7	124
select * from t1 where a <=> -127;
a	b	c
-127	2	-127
select * from t1 where a between -127 and 127;
a	b	c
-126	3	-129
-127	2	-127
125	5	125
125	7	124
126	6	127
127	4	126
select * from t1 where a in(-127,125,129);
a	b	c
-127	2	-127
125	5	125
125	7	124
select * from t1 where a = 'a1';
a	b	c
select * from t1 where a = c;
a	b	c
-127	2	-127
125	5	125
select * from t1 where a != c;
a	b	c
-126	3	-129
-128	1	-127
125	7	124
126	6	127
127	4	126
select * from t1 where a > c;
a	b	c
-126	3	-129
125	7	124
127	4	126
select * from t1 where a < c;
a	b	c
-128	1	-127
126	6	127
select * from t1 where abs(a) = 128;
a	b	c
-128	1	-127
select * from t1 where a > 129;
a	b	c
select * from t1 order by a desc;
a	b	c
127	4	126
126	6	127
125	5	125
125	7	124
-126	3	-129
-127	2	-127
-128	1	-127
NULL	8	NULL
select * from t1 order by a limit 1 offset 2;
a	b	c
-127	2	-127
drop table t1;
create table t1(a tinyint unsigned,b int, c int);
insert into t1 values(0,1,0),(1,2,2),(2,3,-1),(127,4,126),(125,5,125),(126,6,256),(125,7,124);
insert into t1(b) values(8);
select * from t1 where a is null;
a	b	c
NULL	8	NULL
select * from t1 where a is not null;
a	b	c
0	1	0
1	2	2
125	5	125
125	7	124
126	6	256
127	4	126
2	3	-1
select * from t1 where a = 125;
a	b	c
125	5	125
125	7	124
select * from t1 where a != 125;
a	b	c
0	1	0
1	2	2
126	6	256
127	4	126
2	3	-1
select * from t1 where a <> 125;
a	b	c
0	1	0
1	2	2
126	6	256
127	4	126
2	3	-1
select * from t1 where a < 125 and a >= 0;
a	b	c
0	1	0
1	2	2
2	3	-1
select * from t1 where a <= 125 and a > 0;
a	b	c
1	2	2
125	5	125
125	7	124
2	3	-1
select * from t1 where a <=> -127;
a	b	c
select * from t1 where a between 0 and 127;
a	b	c
0	1	0
1	2	2
125	5	125
125	7	124
126	6	256
127	4	126
2	3	-1
select * from t1 where a in(0,125,129);
a	b	c
0	1	0
125	5	125
125	7	124
select * from t1 where a = 'a1';
a	b	c
0	1	0
Warning	1292	Truncated incorrect DOUBLE value: 'a1'
Warnings:
select * from t1 where a = c;
a	b	c
0	1	0
125	5	125
select * from t1 where a != c;
a	b	c
1	2	2
125	7	124
126	6	256
127	4	126
2	3	-1
select * from t1 where a > c;
a	b	c
125	7	124
127	4	126
2	3	-1
select * from t1 where a < c;
a	b	c
1	2	2
126	6	256
select * from t1 where abs(a) = 128;
a	b	c
select * from t1 where a > -1;
a	b	c
0	1	0
1	2	2
125	5	125
125	7	124
126	6	256
127	4	126
2	3	-1
create index a on t1(a);
select * from t1 where a is null;
a	b	c
NULL	8	NULL
select * from t1 where a is not null;
a	b	c
0	1	0
1	2	2
125	5	125
125	7	124
126	6	256
127	4	126
2	3	-1
select * from t1 where a = 125;
a	b	c
125	5	125
125	7	124
select * from t1 where a != 125;
a	b	c
0	1	0
1	2	2
126	6	256
127	4	126
2	3	-1
select * from t1 where a <> 125;
a	b	c
0	1	0
1	2	2
126	6	256
127	4	126
2	3	-1
select * from t1 where a < 125 and a >= 0;
a	b	c
0	1	0
1	2	2
2	3	-1
select * from t1 where a <= 125 and a > 0;
a	b	c
1	2	2
125	5	125
125	7	124
2	3	-1
select * from t1 where a <=> -127;
a	b	c
select * from t1 where a between 0 and 127;
a	b	c
0	1	0
1	2	2
125	5	125
125	7	124
126	6	256
127	4	126
2	3	-1
select * from t1 where a in(0,125,129);
a	b	c
0	1	0
125	5	125
125	7	124
select * from t1 where a = 'a1';
a	b	c
0	1	0
select * from t1 where a = c;
a	b	c
0	1	0
125	5	125
select * from t1 where a != c;
a	b	c
1	2	2
125	7	124
126	6	256
127	4	126
2	3	-1
select * from t1 where a > c;
a	b	c
125	7	124
127	4	126
2	3	-1
select * from t1 where a < c;
a	b	c
1	2	2
126	6	256
select * from t1 where abs(a) = 128;
a	b	c
select * from t1 where a > -1;
a	b	c
0	1	0
1	2	2
125	5	125
125	7	124
126	6	256
127	4	126
2	3	-1
select * from t1 order by a desc;
a	b	c
127	4	126
126	6	256
125	5	125
125	7	124
2	3	-1
1	2	2
0	1	0
NULL	8	NULL
select * from t1 order by a limit 1 offset 2;
a	b	c
1	2	2
drop table t1;
create table t1(a smallint ,b int, c int);
insert into t1 values(-32768,1,-32769),(-32766,2,-32766),(-32767,3,-32766),(32767,4,32767),(32765,5,32769),(32766,6,32765);
insert into t1(b) values(8);
select * from t1 where a is null;
a	b	c
NULL	8	NULL
select * from t1 where a is not null;
a	b	c
-32766	2	-32766
-32767	3	-32766
-32768	1	-32769
32765	5	32769
32766	6	32765
32767	4	32767
select * from t1 where a = -32768;
a	b	c
-32768	1	-32769
select * from t1 where a != -32768;
a	b	c
-32766	2	-32766
-32767	3	-32766
32765	5	32769
32766	6	32765
32767	4	32767
select * from t1 where a <> -32768;
a	b	c
-32766	2	-32766
-32767	3	-32766
32765	5	32769
32766	6	32765
32767	4	32767
select * from t1 where a < 32766 and a >= -32768;
a	b	c
-32766	2	-32766
-32767	3	-32766
-32768	1	-32769
32765	5	32769
select * from t1 where a <= 32766 and a > -32768;
a	b	c
-32766	2	-32766
-32767	3	-32766
32765	5	32769
32766	6	32765
select * from t1 where a <=> 32766;
a	b	c
32766	6	32765
select * from t1 where a between -32767 and 32767;
a	b	c
-32766	2	-32766
-32767	3	-32766
32765	5	32769
32766	6	32765
32767	4	32767
select * from t1 where a in(32767,-32767,129);
a	b	c
-32767	3	-32766
32767	4	32767
select * from t1 where a = 'a1';
a	b	c
Warning	1292	Truncated incorrect DOUBLE value: 'a1'
Warnings:
select * from t1 where a = c;
a	b	c
-32766	2	-32766
32767	4	32767
select * from t1 where a != c;
a	b	c
-32767	3	-32766
-32768	1	-32769
32765	5	32769
32766	6	32765
select * from t1 where a > c;
a	b	c
-32768	1	-32769
32766	6	32765
select * from t1 where a < c;
a	b	c
-32767	3	-32766
32765	5	32769
select * from t1 where abs(a) = 32767;
a	b	c
-32767	3	-32766
32767	4	32767
select * from t1 where a > -1;
a	b	c
32765	5	32769
32766	6	32765
32767	4	32767
create index a on t1(a);
select * from t1 where a is null;
a	b	c
NULL	8	NULL
select * from t1 where a is not null;
a	b	c
-32766	2	-32766
-32767	3	-32766
-32768	1	-32769
32765	5	32769
32766	6	32765
32767	4	32767
select * from t1 where a = -32768;
a	b	c
-32768	1	-32769
select * from t1 where a != -32768;
a	b	c
-32766	2	-32766
-32767	3	-32766
32765	5	32769
32766	6	32765
32767	4	32767
select * from t1 where a <> -32768;
a	b	c
-32766	2	-32766
-32767	3	-32766
32765	5	32769
32766	6	32765
32767	4	32767
select * from t1 where a < 32766 and a >= -32768;
a	b	c
-32766	2	-32766
-32767	3	-32766
-32768	1	-32769
32765	5	32769
select * from t1 where a <= 32766 and a > -32768;
a	b	c
-32766	2	-32766
-32767	3	-32766
32765	5	32769
32766	6	32765
select * from t1 where a <=> 32766;
a	b	c
32766	6	32765
select * from t1 where a between -32767 and 32767;
a	b	c
-32766	2	-32766
-32767	3	-32766
32765	5	32769
32766	6	32765
32767	4	32767
select * from t1 where a in(32767,-32767,129);
a	b	c
-32767	3	-32766
32767	4	32767
select * from t1 where a = 'a1';
a	b	c
select * from t1 where a = c;
a	b	c
-32766	2	-32766
32767	4	32767
select * from t1 where a != c;
a	b	c
-32767	3	-32766
-32768	1	-32769
32765	5	32769
32766	6	32765
select * from t1 where a > c;
a	b	c
-32768	1	-32769
32766	6	32765
select * from t1 where a < c;
a	b	c
-32767	3	-32766
32765	5	32769
select * from t1 where abs(a) = 32767;
a	b	c
-32767	3	-32766
32767	4	32767
select * from t1 where a > -1;
a	b	c
32765	5	32769
32766	6	32765
32767	4	32767
select * from t1 order by a desc;
a	b	c
32767	4	32767
32766	6	32765
32765	5	32769
-32766	2	-32766
-32767	3	-32766
-32768	1	-32769
NULL	8	NULL
select * from t1 order by a asc limit 1 offset 2;
a	b	c
-32767	3	-32766
drop table t1;
create table t1(a smallint unsigned,b int, c int);
insert into t1 values(0,1,0),(1,2,2),(2,3,-1),(65535,4,65536),(65534,5,65533),(65533,6,65533);
insert into t1(b) values(8);
select * from t1 where a is null;
a	b	c
NULL	8	NULL
select * from t1 where a is not null;
a	b	c
0	1	0
1	2	2
2	3	-1
65533	6	65533
65534	5	65533
65535	4	65536
select * from t1 where a = 65535;
a	b	c
65535	4	65536
select * from t1 where a != 65535;
a	b	c
0	1	0
1	2	2
2	3	-1
65533	6	65533
65534	5	65533
select * from t1 where a <> 65535;
a	b	c
0	1	0
1	2	2
2	3	-1
65533	6	65533
65534	5	65533
select * from t1 where a < 65534 and a >= 0;
a	b	c
0	1	0
1	2	2
2	3	-1
65533	6	65533
select * from t1 where a <= 65534 and a > 0;
a	b	c
1	2	2
2	3	-1
65533	6	65533
65534	5	65533
select * from t1 where a <=> 65534;
a	b	c
65534	5	65533
select * from t1 where a between 0 and 65534;
a	b	c
0	1	0
1	2	2
2	3	-1
65533	6	65533
65534	5	65533
select * from t1 where a in(0,65534,129);
a	b	c
0	1	0
65534	5	65533
select * from t1 where a = 'a1';
a	b	c
0	1	0
Warning	1292	Truncated incorrect DOUBLE value: 'a1'
Warnings:
select * from t1 where a = c;
a	b	c
0	1	0
65533	6	65533
select * from t1 where a != c;
a	b	c
1	2	2
2	3	-1
65534	5	65533
65535	4	65536
select * from t1 where a > c;
a	b	c
2	3	-1
65534	5	65533
select * from t1 where a < c;
a	b	c
1	2	2
65535	4	65536
select * from t1 where abs(a) = 65534;
a	b	c
65534	5	65533
select * from t1 where a > -1;
a	b	c
0	1	0
1	2	2
2	3	-1
65533	6	65533
65534	5	65533
65535	4	65536
create index a on t1(a);
select * from t1 where a is null;
a	b	c
NULL	8	NULL
select * from t1 where a is not null;
a	b	c
0	1	0
1	2	2
2	3	-1
65533	6	65533
65534	5	65533
65535	4	65536
select * from t1 where a = 65535;
a	b	c
65535	4	65536
select * from t1 where a != 65535;
a	b	c
0	1	0
1	2	2
2	3	-1
65533	6	65533
65534	5	65533
select * from t1 where a <> 65535;
a	b	c
0	1	0
1	2	2
2	3	-1
65533	6	65533
65534	5	65533
select * from t1 where a < 65534 and a >= 0;
a	b	c
0	1	0
1	2	2
2	3	-1
65533	6	65533
select * from t1 where a <= 65534 and a > 0;
a	b	c
1	2	2
2	3	-1
65533	6	65533
65534	5	65533
select * from t1 where a <=> 65534;
a	b	c
65534	5	65533
select * from t1 where a between 0 and 65534;
a	b	c
0	1	0
1	2	2
2	3	-1
65533	6	65533
65534	5	65533
select * from t1 where a in(0,65534,129);
a	b	c
0	1	0
65534	5	65533
select * from t1 where a = 'a1';
a	b	c
0	1	0
select * from t1 where a = c;
a	b	c
0	1	0
65533	6	65533
select * from t1 where a != c;
a	b	c
1	2	2
2	3	-1
65534	5	65533
65535	4	65536
select * from t1 where a > c;
a	b	c
2	3	-1
65534	5	65533
select * from t1 where a < c;
a	b	c
1	2	2
65535	4	65536
select * from t1 where abs(a) = 65534;
a	b	c
65534	5	65533
select * from t1 where a > -1;
a	b	c
0	1	0
1	2	2
2	3	-1
65533	6	65533
65534	5	65533
65535	4	65536
select * from t1 order by a desc;
a	b	c
65535	4	65536
65534	5	65533
65533	6	65533
2	3	-1
1	2	2
0	1	0
NULL	8	NULL
select * from t1 order by a limit 1 offset 2;
a	b	c
1	2	2
drop table t1;
create table t1(a mediumint ,b int, c int);
insert into t1 values(-8388608,1,-8388609),(-8388606,2,-8388605),(-8388607,3,-8388607),(8388607,4,8388607),(8388605,5,8388604),(8388607,6,8388608);
insert into t1(b) values(8);
select * from t1 where a is null;
a	b	c
NULL	8	NULL
select * from t1 where a is not null;
a	b	c
-8388606	2	-8388605
-8388607	3	-8388607
-8388608	1	-8388609
8388605	5	8388604
8388607	4	8388607
8388607	6	8388608
select * from t1 where a = 8388607;
a	b	c
8388607	4	8388607
8388607	6	8388608
select * from t1 where a != -8388608;
a	b	c
-8388606	2	-8388605
-8388607	3	-8388607
8388605	5	8388604
8388607	4	8388607
8388607	6	8388608
select * from t1 where a <> 8388607;
a	b	c
-8388606	2	-8388605
-8388607	3	-8388607
-8388608	1	-8388609
8388605	5	8388604
select * from t1 where a < 8388606 and a >= -8388606;
a	b	c
-8388606	2	-8388605
8388605	5	8388604
select * from t1 where a <= 8388606 and a > -8388606;
a	b	c
8388605	5	8388604
select * from t1 where a <=> -8388606;
a	b	c
-8388606	2	-8388605
select * from t1 where a between -8388606 and 8388606;
a	b	c
-8388606	2	-8388605
8388605	5	8388604
select * from t1 where a in(8388606,-8388606,129);
a	b	c
-8388606	2	-8388605
select * from t1 where a = 'a1';
a	b	c
Warning	1292	Truncated incorrect DOUBLE value: 'a1'
Warnings:
select * from t1 where a = c;
a	b	c
-8388607	3	-8388607
8388607	4	8388607
select * from t1 where a != c;
a	b	c
-8388606	2	-8388605
-8388608	1	-8388609
8388605	5	8388604
8388607	6	8388608
select * from t1 where a > c;
a	b	c
-8388608	1	-8388609
8388605	5	8388604
select * from t1 where a < c;
a	b	c
-8388606	2	-8388605
8388607	6	8388608
select * from t1 where abs(a) = 8388606;
a	b	c
-8388606	2	-8388605
select * from t1 where a > -8388609;
a	b	c
-8388606	2	-8388605
-8388607	3	-8388607
-8388608	1	-8388609
8388605	5	8388604
8388607	4	8388607
8388607	6	8388608
create index a on t1(a);
select * from t1 where a is null;
a	b	c
NULL	8	NULL
select * from t1 where a is not null;
a	b	c
-8388606	2	-8388605
-8388607	3	-8388607
-8388608	1	-8388609
8388605	5	8388604
8388607	4	8388607
8388607	6	8388608
select * from t1 where a = 8388607;
a	b	c
8388607	4	8388607
8388607	6	8388608
select * from t1 where a != -8388608;
a	b	c
-8388606	2	-8388605
-8388607	3	-8388607
8388605	5	8388604
8388607	4	8388607
8388607	6	8388608
select * from t1 where a <> 8388607;
a	b	c
-8388606	2	-8388605
-8388607	3	-8388607
-8388608	1	-8388609
8388605	5	8388604
select * from t1 where a < 8388606 and a >= -8388606;
a	b	c
-8388606	2	-8388605
8388605	5	8388604
select * from t1 where a <= 8388606 and a > -8388606;
a	b	c
8388605	5	8388604
select * from t1 where a <=> -8388606;
a	b	c
-8388606	2	-8388605
select * from t1 where a between -8388606 and 8388606;
a	b	c
-8388606	2	-8388605
8388605	5	8388604
select * from t1 where a in(8388606,-8388606,129);
a	b	c
-8388606	2	-8388605
select * from t1 where a = 'a1';
a	b	c
select * from t1 where a = c;
a	b	c
-8388607	3	-8388607
8388607	4	8388607
select * from t1 where a != c;
a	b	c
-8388606	2	-8388605
-8388608	1	-8388609
8388605	5	8388604
8388607	6	8388608
select * from t1 where a > c;
a	b	c
-8388608	1	-8388609
8388605	5	8388604
select * from t1 where a < c;
a	b	c
-8388606	2	-8388605
8388607	6	8388608
select * from t1 where abs(a) = 8388606;
a	b	c
-8388606	2	-8388605
select * from t1 where a > -8388609;
a	b	c
-8388606	2	-8388605
-8388607	3	-8388607
-8388608	1	-8388609
8388605	5	8388604
8388607	4	8388607
8388607	6	8388608
select * from t1 order by a desc;
a	b	c
8388607	4	8388607
8388607	6	8388608
8388605	5	8388604
-8388606	2	-8388605
-8388607	3	-8388607
-8388608	1	-8388609
NULL	8	NULL
select * from t1 order by a asc limit 1 offset 2;
a	b	c
-8388607	3	-8388607
drop table t1;
create table t1(a mediumint unsigned,b int, c int);
insert into t1 values(0,1,0),(1,2,2),(2,3,-1),(16777215,4,16777216),(16777214,5,16777215),(16777213,6,16777212);
insert into t1(b) values(8);
select * from t1 where a is null;
a	b	c
NULL	8	NULL
select * from t1 where a is not null;
a	b	c
0	1	0
1	2	2
16777213	6	16777212
16777214	5	16777215
16777215	4	16777216
2	3	-1
select * from t1 where a = 16777215;
a	b	c
16777215	4	16777216
select * from t1 where a != 16777215;
a	b	c
0	1	0
1	2	2
16777213	6	16777212
16777214	5	16777215
2	3	-1
select * from t1 where a <> 16777215;
a	b	c
0	1	0
1	2	2
16777213	6	16777212
16777214	5	16777215
2	3	-1
select * from t1 where a < 16777215 and a >= 0;
a	b	c
0	1	0
1	2	2
16777213	6	16777212
16777214	5	16777215
2	3	-1
select * from t1 where a <= 16777215 and a > 0;
a	b	c
1	2	2
16777213	6	16777212
16777214	5	16777215
16777215	4	16777216
2	3	-1
select * from t1 where a <=> 16777215;
a	b	c
16777215	4	16777216
select * from t1 where a between 0 and 16777214;
a	b	c
0	1	0
1	2	2
16777213	6	16777212
16777214	5	16777215
2	3	-1
select * from t1 where a in(0,16777215,129);
a	b	c
0	1	0
16777215	4	16777216
select * from t1 where a = 'a1';
a	b	c
0	1	0
Warning	1292	Truncated incorrect DOUBLE value: 'a1'
Warnings:
select * from t1 where a = c;
a	b	c
0	1	0
select * from t1 where a != c;
a	b	c
1	2	2
16777213	6	16777212
16777214	5	16777215
16777215	4	16777216
2	3	-1
select * from t1 where a > c;
a	b	c
16777213	6	16777212
2	3	-1
select * from t1 where a < c;
a	b	c
1	2	2
16777214	5	16777215
16777215	4	16777216
select * from t1 where abs(a) = 16777215;
a	b	c
16777215	4	16777216
select * from t1 where a > -1;
a	b	c
0	1	0
1	2	2
16777213	6	16777212
16777214	5	16777215
16777215	4	16777216
2	3	-1
create index a on t1(a);
select * from t1 where a is null;
a	b	c
NULL	8	NULL
select * from t1 where a is not null;
a	b	c
0	1	0
1	2	2
16777213	6	16777212
16777214	5	16777215
16777215	4	16777216
2	3	-1
select * from t1 where a = 16777215;
a	b	c
16777215	4	16777216
select * from t1 where a != 16777215;
a	b	c
0	1	0
1	2	2
16777213	6	16777212
16777214	5	16777215
2	3	-1
select * from t1 where a <> 16777215;
a	b	c
0	1	0
1	2	2
16777213	6	16777212
16777214	5	16777215
2	3	-1
select * from t1 where a < 16777215 and a >= 0;
a	b	c
0	1	0
1	2	2
16777213	6	16777212
16777214	5	16777215
2	3	-1
select * from t1 where a <= 16777215 and a > 0;
a	b	c
1	2	2
16777213	6	16777212
16777214	5	16777215
16777215	4	16777216
2	3	-1
select * from t1 where a <=> 16777215;
a	b	c
16777215	4	16777216
select * from t1 where a between 0 and 16777214;
a	b	c
0	1	0
1	2	2
16777213	6	16777212
16777214	5	16777215
2	3	-1
select * from t1 where a in(0,16777215,129);
a	b	c
0	1	0
16777215	4	16777216
select * from t1 where a = 'a1';
a	b	c
0	1	0
select * from t1 where a = c;
a	b	c
0	1	0
select * from t1 where a != c;
a	b	c
1	2	2
16777213	6	16777212
16777214	5	16777215
16777215	4	16777216
2	3	-1
select * from t1 where a > c;
a	b	c
16777213	6	16777212
2	3	-1
select * from t1 where a < c;
a	b	c
1	2	2
16777214	5	16777215
16777215	4	16777216
select * from t1 where abs(a) = 16777215;
a	b	c
16777215	4	16777216
select * from t1 where a > -1;
a	b	c
0	1	0
1	2	2
16777213	6	16777212
16777214	5	16777215
16777215	4	16777216
2	3	-1
select * from t1 order by a desc;
a	b	c
16777215	4	16777216
16777214	5	16777215
16777213	6	16777212
2	3	-1
1	2	2
0	1	0
NULL	8	NULL
select * from t1 order by a limit 1 offset 2;
a	b	c
1	2	2
drop table t1;
create table t1(a int ,b int, c bigint);
insert into t1 values(-2147483648,1,-2147483649),(-2147483646,2,-2147483646),(-2147483647,3,-2147483646),(2147483647,4,2147483648),(2147483645,5,2147483644),(2147483646,6,2147483646);
insert into t1(b) values(8);
select * from t1 where a is null;
a	b	c
NULL	8	NULL
select * from t1 where a is not null;
a	b	c
-2147483646	2	-2147483646
-2147483647	3	-2147483646
-2147483648	1	-2147483649
2147483645	5	2147483644
2147483646	6	2147483646
2147483647	4	2147483648
select * from t1 where a = -2147483646;
a	b	c
-2147483646	2	-2147483646
select * from t1 where a != 2147483647;
a	b	c
-2147483646	2	-2147483646
-2147483647	3	-2147483646
-2147483648	1	-2147483649
2147483645	5	2147483644
2147483646	6	2147483646
select * from t1 where a <> 2147483645;
a	b	c
-2147483646	2	-2147483646
-2147483647	3	-2147483646
-2147483648	1	-2147483649
2147483646	6	2147483646
2147483647	4	2147483648
select * from t1 where a < 2147483646 and a >= -2147483646;
a	b	c
-2147483646	2	-2147483646
2147483645	5	2147483644
select * from t1 where a <= 2147483646 and a > -2147483646;
a	b	c
2147483645	5	2147483644
2147483646	6	2147483646
select * from t1 where a <=> -2147483646;
a	b	c
-2147483646	2	-2147483646
select * from t1 where a between -2147483646 and 2147483646;
a	b	c
-2147483646	2	-2147483646
2147483645	5	2147483644
2147483646	6	2147483646
select * from t1 where a in(2147483646,-2147483646,129);
a	b	c
-2147483646	2	-2147483646
2147483646	6	2147483646
select * from t1 where a = 'a1';
a	b	c
Warning	1292	Truncated incorrect DOUBLE value: 'a1'
Warnings:
select * from t1 where a = c;
a	b	c
-2147483646	2	-2147483646
2147483646	6	2147483646
select * from t1 where a != c;
a	b	c
-2147483647	3	-2147483646
-2147483648	1	-2147483649
2147483645	5	2147483644
2147483647	4	2147483648
select * from t1 where a > c;
a	b	c
-2147483648	1	-2147483649
2147483645	5	2147483644
select * from t1 where a < c;
a	b	c
-2147483647	3	-2147483646
2147483647	4	2147483648
select * from t1 where abs(a) = 2147483646;
a	b	c
-2147483646	2	-2147483646
2147483646	6	2147483646
select * from t1 where a > -2147483649;
a	b	c
-2147483646	2	-2147483646
-2147483647	3	-2147483646
-2147483648	1	-2147483649
2147483645	5	2147483644
2147483646	6	2147483646
2147483647	4	2147483648
create index a on t1(a);
select * from t1 where a is null;
a	b	c
NULL	8	NULL
select * from t1 where a is not null;
a	b	c
-2147483646	2	-2147483646
-2147483647	3	-2147483646
-2147483648	1	-2147483649
2147483645	5	2147483644
2147483646	6	2147483646
2147483647	4	2147483648
select * from t1 where a = -2147483646;
a	b	c
-2147483646	2	-2147483646
select * from t1 where a != 2147483647;
a	b	c
-2147483646	2	-2147483646
-2147483647	3	-2147483646
-2147483648	1	-2147483649
2147483645	5	2147483644
2147483646	6	2147483646
select * from t1 where a <> 2147483645;
a	b	c
-2147483646	2	-2147483646
-2147483647	3	-2147483646
-2147483648	1	-2147483649
2147483646	6	2147483646
2147483647	4	2147483648
select * from t1 where a < 2147483646 and a >= -2147483646;
a	b	c
-2147483646	2	-2147483646
2147483645	5	2147483644
select * from t1 where a <= 2147483646 and a > -2147483646;
a	b	c
2147483645	5	2147483644
2147483646	6	2147483646
select * from t1 where a <=> -2147483646;
a	b	c
-2147483646	2	-2147483646
select * from t1 where a between -2147483646 and 2147483646;
a	b	c
-2147483646	2	-2147483646
2147483645	5	2147483644
2147483646	6	2147483646
select * from t1 where a in(2147483646,-2147483646,129);
a	b	c
-2147483646	2	-2147483646
2147483646	6	2147483646
select * from t1 where a = 'a1';
a	b	c
select * from t1 where a = c;
a	b	c
-2147483646	2	-2147483646
2147483646	6	2147483646
select * from t1 where a != c;
a	b	c
-2147483647	3	-2147483646
-2147483648	1	-2147483649
2147483645	5	2147483644
2147483647	4	2147483648
select * from t1 where a > c;
a	b	c
-2147483648	1	-2147483649
2147483645	5	2147483644
select * from t1 where a < c;
a	b	c
-2147483647	3	-2147483646
2147483647	4	2147483648
select * from t1 where abs(a) = 2147483646;
a	b	c
-2147483646	2	-2147483646
2147483646	6	2147483646
select * from t1 where a > -2147483649;
a	b	c
-2147483646	2	-2147483646
-2147483647	3	-2147483646
-2147483648	1	-2147483649
2147483645	5	2147483644
2147483646	6	2147483646
2147483647	4	2147483648
select * from t1 order by a desc;
a	b	c
2147483647	4	2147483648
2147483646	6	2147483646
2147483645	5	2147483644
-2147483646	2	-2147483646
-2147483647	3	-2147483646
-2147483648	1	-2147483649
NULL	8	NULL
select * from t1 order by a asc limit 1 offset 2;
a	b	c
-2147483647	3	-2147483646
drop table t1;
create table t1(a int unsigned,b int, c bigint);
insert into t1 values(0,1,0),(1,2,2),(2,3,-1),(4294967295,4,4294967297),(4294967293,5,4294967292),(4294967295,6,4294967295);
insert into t1(b) values(8);
select * from t1 where a is null;
a	b	c
NULL	8	NULL
select * from t1 where a is not null;
a	b	c
0	1	0
1	2	2
2	3	-1
4294967293	5	4294967292
4294967295	4	4294967297
4294967295	6	4294967295
select * from t1 where a = 4294967295;
a	b	c
4294967295	4	4294967297
4294967295	6	4294967295
select * from t1 where a != 4294967295;
a	b	c
0	1	0
1	2	2
2	3	-1
4294967293	5	4294967292
select * from t1 where a <> 4294967295;
a	b	c
0	1	0
1	2	2
2	3	-1
4294967293	5	4294967292
select * from t1 where a < 4294967295 and a >= 0;
a	b	c
0	1	0
1	2	2
2	3	-1
4294967293	5	4294967292
select * from t1 where a <= 4294967295 and a > 0;
a	b	c
1	2	2
2	3	-1
4294967293	5	4294967292
4294967295	4	4294967297
4294967295	6	4294967295
select * from t1 where a <=> 4294967295;
a	b	c
4294967295	4	4294967297
4294967295	6	4294967295
select * from t1 where a between 0 and 4294967293;
a	b	c
0	1	0
1	2	2
2	3	-1
4294967293	5	4294967292
select * from t1 where a in(0,4294967295,129);
a	b	c
0	1	0
4294967295	4	4294967297
4294967295	6	4294967295
select * from t1 where a = 'a1';
a	b	c
0	1	0
Warning	1292	Truncated incorrect DOUBLE value: 'a1'
Warnings:
select * from t1 where a = c;
a	b	c
0	1	0
4294967295	6	4294967295
select * from t1 where a != c;
a	b	c
1	2	2
2	3	-1
4294967293	5	4294967292
4294967295	4	4294967297
select * from t1 where a > c;
a	b	c
2	3	-1
4294967293	5	4294967292
select * from t1 where a < c;
a	b	c
1	2	2
4294967295	4	4294967297
select * from t1 where abs(a) = 4294967295;
a	b	c
4294967295	4	4294967297
4294967295	6	4294967295
select * from t1 where a > -1;
a	b	c
0	1	0
1	2	2
2	3	-1
4294967293	5	4294967292
4294967295	4	4294967297
4294967295	6	4294967295
create index a on t1(a);
select * from t1 where a is null;
a	b	c
NULL	8	NULL
select * from t1 where a is not null;
a	b	c
0	1	0
1	2	2
2	3	-1
4294967293	5	4294967292
4294967295	4	4294967297
4294967295	6	4294967295
select * from t1 where a = 4294967295;
a	b	c
4294967295	4	4294967297
4294967295	6	4294967295
select * from t1 where a != 4294967295;
a	b	c
0	1	0
1	2	2
2	3	-1
4294967293	5	4294967292
select * from t1 where a <> 4294967295;
a	b	c
0	1	0
1	2	2
2	3	-1
4294967293	5	4294967292
select * from t1 where a < 4294967295 and a >= 0;
a	b	c
0	1	0
1	2	2
2	3	-1
4294967293	5	4294967292
select * from t1 where a <= 4294967295 and a > 0;
a	b	c
1	2	2
2	3	-1
4294967293	5	4294967292
4294967295	4	4294967297
4294967295	6	4294967295
select * from t1 where a <=> 4294967295;
a	b	c
4294967295	4	4294967297
4294967295	6	4294967295
select * from t1 where a between 0 and 4294967293;
a	b	c
0	1	0
1	2	2
2	3	-1
4294967293	5	4294967292
select * from t1 where a in(0,4294967295,129);
a	b	c
0	1	0
4294967295	4	4294967297
4294967295	6	4294967295
select * from t1 where a = 'a1';
a	b	c
0	1	0
select * from t1 where a = c;
a	b	c
0	1	0
4294967295	6	4294967295
select * from t1 where a != c;
a	b	c
1	2	2
2	3	-1
4294967293	5	4294967292
4294967295	4	4294967297
select * from t1 where a > c;
a	b	c
2	3	-1
4294967293	5	4294967292
select * from t1 where a < c;
a	b	c
1	2	2
4294967295	4	4294967297
select * from t1 where abs(a) = 4294967295;
a	b	c
4294967295	4	4294967297
4294967295	6	4294967295
select * from t1 where a > -1;
a	b	c
0	1	0
1	2	2
2	3	-1
4294967293	5	4294967292
4294967295	4	4294967297
4294967295	6	4294967295
select * from t1 order by a desc;
a	b	c
4294967295	4	4294967297
4294967295	6	4294967295
4294967293	5	4294967292
2	3	-1
1	2	2
0	1	0
NULL	8	NULL
select * from t1 order by a limit 1 offset 2;
a	b	c
1	2	2
drop table t1;
create table t1(a bigint ,b int, c decimal(30,1));
insert into t1 values(-922337203685477808,1,-922337203685477809),(-922337203685477806,2,-922337203685477805),(-922337203685477807,3,-922337203685477807),(922337203685477807,4,922337203685477808),(922337203685477805,5,922337203685477804),(922337203685477806,6,922337203685477806);
insert into t1(b) values(8);
select * from t1 where a is null;
a	b	c
NULL	8	NULL
select * from t1 where a is not null;
a	b	c
-922337203685477806	2	-922337203685477805.0
-922337203685477807	3	-922337203685477807.0
-922337203685477808	1	-922337203685477809.0
922337203685477805	5	922337203685477804.0
922337203685477806	6	922337203685477806.0
922337203685477807	4	922337203685477808.0
select * from t1 where a = -922337203685477806;
a	b	c
-922337203685477806	2	-922337203685477805.0
select * from t1 where a != 922337203685477806;
a	b	c
-922337203685477806	2	-922337203685477805.0
-922337203685477807	3	-922337203685477807.0
-922337203685477808	1	-922337203685477809.0
922337203685477805	5	922337203685477804.0
922337203685477807	4	922337203685477808.0
select * from t1 where a <> 922337203685477806;
a	b	c
-922337203685477806	2	-922337203685477805.0
-922337203685477807	3	-922337203685477807.0
-922337203685477808	1	-922337203685477809.0
922337203685477805	5	922337203685477804.0
922337203685477807	4	922337203685477808.0
select * from t1 where a < 922337203685477806 and a >= -922337203685477806;
a	b	c
-922337203685477806	2	-922337203685477805.0
922337203685477805	5	922337203685477804.0
select * from t1 where a <= 922337203685477806 and a > -922337203685477806;
a	b	c
922337203685477805	5	922337203685477804.0
922337203685477806	6	922337203685477806.0
select * from t1 where a <=> -922337203685477806;
a	b	c
-922337203685477806	2	-922337203685477805.0
select * from t1 where a between -922337203685477806 and 922337203685477806;
a	b	c
-922337203685477806	2	-922337203685477805.0
922337203685477805	5	922337203685477804.0
922337203685477806	6	922337203685477806.0
select * from t1 where a in(922337203685477806,-922337203685477806,129);
a	b	c
-922337203685477806	2	-922337203685477805.0
922337203685477806	6	922337203685477806.0
select * from t1 where a = 'a1';
a	b	c
Warning	1292	Truncated incorrect DOUBLE value: 'a1'
Warnings:
select * from t1 where a = c;
a	b	c
-922337203685477807	3	-922337203685477807.0
922337203685477806	6	922337203685477806.0
select * from t1 where a != c;
a	b	c
-922337203685477806	2	-922337203685477805.0
-922337203685477808	1	-922337203685477809.0
922337203685477805	5	922337203685477804.0
922337203685477807	4	922337203685477808.0
select * from t1 where a > c;
a	b	c
-922337203685477808	1	-922337203685477809.0
922337203685477805	5	922337203685477804.0
select * from t1 where a < c;
a	b	c
-922337203685477806	2	-922337203685477805.0
922337203685477807	4	922337203685477808.0
select * from t1 where abs(a) = 922337203685477806;
a	b	c
-922337203685477806	2	-922337203685477805.0
922337203685477806	6	922337203685477806.0
select * from t1 where a > -922337203685477809;
a	b	c
-922337203685477806	2	-922337203685477805.0
-922337203685477807	3	-922337203685477807.0
-922337203685477808	1	-922337203685477809.0
922337203685477805	5	922337203685477804.0
922337203685477806	6	922337203685477806.0
922337203685477807	4	922337203685477808.0
create index a on t1(a);
select * from t1 where a is null;
a	b	c
NULL	8	NULL
select * from t1 where a is not null;
a	b	c
-922337203685477806	2	-922337203685477805.0
-922337203685477807	3	-922337203685477807.0
-922337203685477808	1	-922337203685477809.0
922337203685477805	5	922337203685477804.0
922337203685477806	6	922337203685477806.0
922337203685477807	4	922337203685477808.0
select * from t1 where a = -922337203685477806;
a	b	c
-922337203685477806	2	-922337203685477805.0
select * from t1 where a != 922337203685477806;
a	b	c
-922337203685477806	2	-922337203685477805.0
-922337203685477807	3	-922337203685477807.0
-922337203685477808	1	-922337203685477809.0
922337203685477805	5	922337203685477804.0
922337203685477807	4	922337203685477808.0
select * from t1 where a <> 922337203685477806;
a	b	c
-922337203685477806	2	-922337203685477805.0
-922337203685477807	3	-922337203685477807.0
-922337203685477808	1	-922337203685477809.0
922337203685477805	5	922337203685477804.0
922337203685477807	4	922337203685477808.0
select * from t1 where a < 922337203685477806 and a >= -922337203685477806;
a	b	c
-922337203685477806	2	-922337203685477805.0
922337203685477805	5	922337203685477804.0
select * from t1 where a <= 922337203685477806 and a > -922337203685477806;
a	b	c
922337203685477805	5	922337203685477804.0
922337203685477806	6	922337203685477806.0
select * from t1 where a <=> -922337203685477806;
a	b	c
-922337203685477806	2	-922337203685477805.0
select * from t1 where a between -922337203685477806 and 922337203685477806;
a	b	c
-922337203685477806	2	-922337203685477805.0
922337203685477805	5	922337203685477804.0
922337203685477806	6	922337203685477806.0
select * from t1 where a in(922337203685477806,-922337203685477806,129);
a	b	c
-922337203685477806	2	-922337203685477805.0
922337203685477806	6	922337203685477806.0
select * from t1 where a = 'a1';
a	b	c
Warning	1292	Truncated incorrect DOUBLE value: 'a1'
Warnings:
select * from t1 where a = c;
a	b	c
-922337203685477807	3	-922337203685477807.0
922337203685477806	6	922337203685477806.0
select * from t1 where a != c;
a	b	c
-922337203685477806	2	-922337203685477805.0
-922337203685477808	1	-922337203685477809.0
922337203685477805	5	922337203685477804.0
922337203685477807	4	922337203685477808.0
select * from t1 where a > c;
a	b	c
-922337203685477808	1	-922337203685477809.0
922337203685477805	5	922337203685477804.0
select * from t1 where a < c;
a	b	c
-922337203685477806	2	-922337203685477805.0
922337203685477807	4	922337203685477808.0
select * from t1 where abs(a) = 922337203685477806;
a	b	c
-922337203685477806	2	-922337203685477805.0
922337203685477806	6	922337203685477806.0
select * from t1 where a > -922337203685477809;
a	b	c
-922337203685477806	2	-922337203685477805.0
-922337203685477807	3	-922337203685477807.0
-922337203685477808	1	-922337203685477809.0
922337203685477805	5	922337203685477804.0
922337203685477806	6	922337203685477806.0
922337203685477807	4	922337203685477808.0
select * from t1 order by a desc;
a	b	c
922337203685477807	4	922337203685477808.0
922337203685477806	6	922337203685477806.0
922337203685477805	5	922337203685477804.0
-922337203685477806	2	-922337203685477805.0
-922337203685477807	3	-922337203685477807.0
-922337203685477808	1	-922337203685477809.0
NULL	8	NULL
select * from t1 order by a asc limit 1 offset 2;
a	b	c
-922337203685477807	3	-922337203685477807.0
drop table t1;
create table t1(a bigint unsigned,b int, c decimal(30,1));
insert into t1 values(0,1,0),(1,2,2),(2,3,-1),(18446744073709551615,4,18446744073709551616),(18446744073709551613,5,18446744073709551612),(18446744073709551614,6,18446744073709551614);
insert into t1(b) values(8);
select * from t1 where a is null;
a	b	c
NULL	8	NULL
select * from t1 where a is not null;
a	b	c
0	1	0.0
1	2	2.0
18446744073709551613	5	18446744073709551612.0
18446744073709551614	6	18446744073709551614.0
18446744073709551615	4	18446744073709551616.0
2	3	-1.0
select * from t1 where a = 18446744073709551615;
a	b	c
18446744073709551615	4	18446744073709551616.0
select * from t1 where a != 18446744073709551615;
a	b	c
0	1	0.0
1	2	2.0
18446744073709551613	5	18446744073709551612.0
18446744073709551614	6	18446744073709551614.0
2	3	-1.0
select * from t1 where a <> 18446744073709551615;
a	b	c
0	1	0.0
1	2	2.0
18446744073709551613	5	18446744073709551612.0
18446744073709551614	6	18446744073709551614.0
2	3	-1.0
select * from t1 where a < 18446744073709551613 and a >= 0;
a	b	c
0	1	0.0
1	2	2.0
2	3	-1.0
select * from t1 where a <= 18446744073709551613 and a > 0;
a	b	c
1	2	2.0
18446744073709551613	5	18446744073709551612.0
2	3	-1.0
select * from t1 where a <=> 18446744073709551615;
a	b	c
18446744073709551615	4	18446744073709551616.0
select * from t1 where a between 0 and 18446744073709551613;
a	b	c
0	1	0.0
1	2	2.0
18446744073709551613	5	18446744073709551612.0
2	3	-1.0
select * from t1 where a in(0,18446744073709551615,129);
a	b	c
0	1	0.0
18446744073709551615	4	18446744073709551616.0
select * from t1 where a = 'a1';
a	b	c
0	1	0.0
Warning	1292	Truncated incorrect DOUBLE value: 'a1'
Warnings:
select * from t1 where a = c;
a	b	c
0	1	0.0
18446744073709551614	6	18446744073709551614.0
select * from t1 where a != c;
a	b	c
1	2	2.0
18446744073709551613	5	18446744073709551612.0
18446744073709551615	4	18446744073709551616.0
2	3	-1.0
select * from t1 where a > c;
a	b	c
18446744073709551613	5	18446744073709551612.0
2	3	-1.0
select * from t1 where a < c;
a	b	c
1	2	2.0
18446744073709551615	4	18446744073709551616.0
select * from t1 where abs(a) = 18446744073709551615;
a	b	c
18446744073709551615	4	18446744073709551616.0
select * from t1 where a > -1;
a	b	c
0	1	0.0
1	2	2.0
18446744073709551613	5	18446744073709551612.0
18446744073709551614	6	18446744073709551614.0
18446744073709551615	4	18446744073709551616.0
2	3	-1.0
create index a on t1(a);
select * from t1 where a is null;
a	b	c
NULL	8	NULL
select * from t1 where a is not null;
a	b	c
0	1	0.0
1	2	2.0
18446744073709551613	5	18446744073709551612.0
18446744073709551614	6	18446744073709551614.0
18446744073709551615	4	18446744073709551616.0
2	3	-1.0
select * from t1 where a = 18446744073709551615;
a	b	c
18446744073709551615	4	18446744073709551616.0
select * from t1 where a != 18446744073709551615;
a	b	c
0	1	0.0
1	2	2.0
18446744073709551613	5	18446744073709551612.0
18446744073709551614	6	18446744073709551614.0
2	3	-1.0
select * from t1 where a <> 18446744073709551615;
a	b	c
0	1	0.0
1	2	2.0
18446744073709551613	5	18446744073709551612.0
18446744073709551614	6	18446744073709551614.0
2	3	-1.0
select * from t1 where a < 18446744073709551613 and a >= 0;
a	b	c
0	1	0.0
1	2	2.0
2	3	-1.0
select * from t1 where a <= 18446744073709551613 and a > 0;
a	b	c
1	2	2.0
18446744073709551613	5	18446744073709551612.0
2	3	-1.0
select * from t1 where a <=> 18446744073709551615;
a	b	c
18446744073709551615	4	18446744073709551616.0
select * from t1 where a between 0 and 18446744073709551613;
a	b	c
0	1	0.0
1	2	2.0
18446744073709551613	5	18446744073709551612.0
2	3	-1.0
select * from t1 where a in(0,18446744073709551615,129);
a	b	c
0	1	0.0
18446744073709551615	4	18446744073709551616.0
select * from t1 where a = 'a1';
a	b	c
0	1	0.0
Warning	1292	Truncated incorrect DOUBLE value: 'a1'
Warnings:
select * from t1 where a = c;
a	b	c
0	1	0.0
18446744073709551614	6	18446744073709551614.0
select * from t1 where a != c;
a	b	c
1	2	2.0
18446744073709551613	5	18446744073709551612.0
18446744073709551615	4	18446744073709551616.0
2	3	-1.0
select * from t1 where a > c;
a	b	c
18446744073709551613	5	18446744073709551612.0
2	3	-1.0
select * from t1 where a < c;
a	b	c
1	2	2.0
18446744073709551615	4	18446744073709551616.0
select * from t1 where abs(a) = 18446744073709551615;
a	b	c
18446744073709551615	4	18446744073709551616.0
select * from t1 where a > -1;
a	b	c
0	1	0.0
1	2	2.0
18446744073709551613	5	18446744073709551612.0
18446744073709551614	6	18446744073709551614.0
18446744073709551615	4	18446744073709551616.0
2	3	-1.0
select * from t1 order by a desc;
a	b	c
18446744073709551615	4	18446744073709551616.0
18446744073709551614	6	18446744073709551614.0
18446744073709551613	5	18446744073709551612.0
2	3	-1.0
1	2	2.0
0	1	0.0
NULL	8	NULL
select * from t1 order by a limit 1 offset 2;
a	b	c
1	2	2.0
drop table t1;
create table t1(a float(6,2) ,b int, c double(10,2));
insert into t1 values(999.99,0,999.99),(-999.99,0,-999.99),(-999.98,1,-999.97),(-999.98,2,-999.99),(999.98,3,999.97),(999.97,4,999.98),(0,7,0);
insert into t1(b) values(8);
select * from t1 where a is null;
a	b	c
NULL	8	NULL
select * from t1 where a is not null;
a	b	c
-999.98	1	-999.97
-999.98	2	-999.99
-999.99	0	-999.99
0.00	7	0.00
999.97	4	999.98
999.98	3	999.97
999.99	0	999.99
select * from t1 where a = -999.99;
a	b	c
-999.99	0	-999.99
select * from t1 where a != -999.99;
a	b	c
-999.98	1	-999.97
-999.98	2	-999.99
0.00	7	0.00
999.97	4	999.98
999.98	3	999.97
999.99	0	999.99
select * from t1 where a <> -999.99;
a	b	c
-999.98	1	-999.97
-999.98	2	-999.99
0.00	7	0.00
999.97	4	999.98
999.98	3	999.97
999.99	0	999.99
select * from t1 where a < 999.99 and a >= -999.97;
a	b	c
0.00	7	0.00
999.97	4	999.98
999.98	3	999.97
select * from t1 where a <= 999.99 and a > -999.97;
a	b	c
0.00	7	0.00
999.97	4	999.98
999.98	3	999.97
999.99	0	999.99
select * from t1 where a <=> -999.99;
a	b	c
-999.99	0	-999.99
select * from t1 where a between -999.99 and 999.97;
a	b	c
-999.98	1	-999.97
-999.98	2	-999.99
-999.99	0	-999.99
0.00	7	0.00
999.97	4	999.98
select * from t1 where a in(999.99,-999.99,129);
a	b	c
select * from t1 where a = 'a1';
a	b	c
0.00	7	0.00
Warning	1292	Truncated incorrect DOUBLE value: 'a1'
Warnings:
select * from t1 where a = c;
a	b	c
-999.99	0	-999.99
0.00	7	0.00
999.99	0	999.99
select * from t1 where a != c;
a	b	c
-999.98	1	-999.97
-999.98	2	-999.99
999.97	4	999.98
999.98	3	999.97
select * from t1 where a > c;
a	b	c
-999.98	2	-999.99
999.98	3	999.97
select * from t1 where a < c;
a	b	c
-999.98	1	-999.97
999.97	4	999.98
select * from t1 where abs(a) = 999.99;
a	b	c
-999.99	0	-999.99
999.99	0	999.99
select * from t1 where a > -10;
a	b	c
0.00	7	0.00
999.97	4	999.98
999.98	3	999.97
999.99	0	999.99
create index a on t1(a);
select * from t1 where a is null;
a	b	c
NULL	8	NULL
select * from t1 where a is not null;
a	b	c
-999.98	1	-999.97
-999.98	2	-999.99
-999.99	0	-999.99
0.00	7	0.00
999.97	4	999.98
999.98	3	999.97
999.99	0	999.99
select * from t1 where a = -999.99;
a	b	c
-999.99	0	-999.99
select * from t1 where a != -999.99;
a	b	c
-999.98	1	-999.97
-999.98	2	-999.99
0.00	7	0.00
999.97	4	999.98
999.98	3	999.97
999.99	0	999.99
select * from t1 where a <> -999.99;
a	b	c
-999.98	1	-999.97
-999.98	2	-999.99
0.00	7	0.00
999.97	4	999.98
999.98	3	999.97
999.99	0	999.99
select * from t1 where a < 999.99 and a >= -999.97;
a	b	c
0.00	7	0.00
999.97	4	999.98
999.98	3	999.97
select * from t1 where a <= 999.99 and a > -999.97;
a	b	c
0.00	7	0.00
999.97	4	999.98
999.98	3	999.97
999.99	0	999.99
select * from t1 where a <=> -999.99;
a	b	c
-999.99	0	-999.99
select * from t1 where a between -999.99 and 999.97;
a	b	c
-999.98	1	-999.97
-999.98	2	-999.99
-999.99	0	-999.99
0.00	7	0.00
999.97	4	999.98
select * from t1 where a in(999.99,-999.99,129);
a	b	c
select * from t1 where a = 'a1';
a	b	c
0.00	7	0.00
Warning	1292	Truncated incorrect DOUBLE value: 'a1'
Warnings:
select * from t1 where a = c;
a	b	c
-999.99	0	-999.99
0.00	7	0.00
999.99	0	999.99
select * from t1 where a != c;
a	b	c
-999.98	1	-999.97
-999.98	2	-999.99
999.97	4	999.98
999.98	3	999.97
select * from t1 where a > c;
a	b	c
-999.98	2	-999.99
999.98	3	999.97
select * from t1 where a < c;
a	b	c
-999.98	1	-999.97
999.97	4	999.98
select * from t1 where abs(a) = 999.99;
a	b	c
-999.99	0	-999.99
999.99	0	999.99
select * from t1 where a > -10;
a	b	c
0.00	7	0.00
999.97	4	999.98
999.98	3	999.97
999.99	0	999.99
select * from t1 order by a desc;
a	b	c
999.99	0	999.99
999.98	3	999.97
999.97	4	999.98
0.00	7	0.00
-999.98	1	-999.97
-999.98	2	-999.99
-999.99	0	-999.99
NULL	8	NULL
select * from t1 order by a asc limit 1 offset 2;
a	b	c
-999.98	1	-999.97
drop table t1;
create table t1(a float(6,2) unsigned,b int, c double);
insert into t1 values(0,1,0),(999.99,2,999.99),(999.97,3,999.99),(999.98,4,999.97);
insert into t1(b) values(8);
select * from t1 where a is null;
a	b	c
NULL	8	NULL
select * from t1 where a is not null;
a	b	c
0.00	1	0
999.97	3	999.99
999.98	4	999.97
999.99	2	999.99
select * from t1 where a = 999.97;
a	b	c
999.97	3	999.99
select * from t1 where a != 999.97;
a	b	c
0.00	1	0
999.98	4	999.97
999.99	2	999.99
select * from t1 where a <> 999.97;
a	b	c
0.00	1	0
999.98	4	999.97
999.99	2	999.99
select * from t1 where a < 999.97 and a >= 0;
a	b	c
0.00	1	0
select * from t1 where a <= 999.97 and a > 0;
a	b	c
999.97	3	999.99
select * from t1 where a <=> 999.97;
a	b	c
999.97	3	999.99
select * from t1 where a between 0 and 999.97;
a	b	c
0.00	1	0
999.97	3	999.99
select * from t1 where a in(0,999.97,129);
a	b	c
0.00	1	0
select * from t1 where a = 'a1';
a	b	c
0.00	1	0
Warning	1292	Truncated incorrect DOUBLE value: 'a1'
Warnings:
select * from t1 where a = c;
a	b	c
0.00	1	0
select * from t1 where a != c;
a	b	c
999.97	3	999.99
999.98	4	999.97
999.99	2	999.99
select * from t1 where a > c;
a	b	c
999.98	4	999.97
select * from t1 where a < c;
a	b	c
999.97	3	999.99
999.99	2	999.99
select * from t1 where abs(a) = 999.97;
a	b	c
999.97	3	999.99
select * from t1 where a > -1;
a	b	c
0.00	1	0
999.97	3	999.99
999.98	4	999.97
999.99	2	999.99
create index a on t1(a);
select * from t1 where a is null;
a	b	c
NULL	8	NULL
select * from t1 where a is not null;
a	b	c
0.00	1	0
999.97	3	999.99
999.98	4	999.97
999.99	2	999.99
select * from t1 where a = 999.97;
a	b	c
999.97	3	999.99
select * from t1 where a != 999.97;
a	b	c
0.00	1	0
999.98	4	999.97
999.99	2	999.99
select * from t1 where a <> 999.97;
a	b	c
0.00	1	0
999.98	4	999.97
999.99	2	999.99
select * from t1 where a < 999.97 and a >= 0;
a	b	c
0.00	1	0
select * from t1 where a <= 999.97 and a > 0;
a	b	c
999.97	3	999.99
select * from t1 where a <=> 999.97;
a	b	c
999.97	3	999.99
select * from t1 where a between 0 and 999.97;
a	b	c
0.00	1	0
999.97	3	999.99
select * from t1 where a in(0,999.97,129);
a	b	c
0.00	1	0
select * from t1 where a = 'a1';
a	b	c
0.00	1	0
Warning	1292	Truncated incorrect DOUBLE value: 'a1'
Warnings:
select * from t1 where a = c;
a	b	c
0.00	1	0
select * from t1 where a != c;
a	b	c
999.97	3	999.99
999.98	4	999.97
999.99	2	999.99
select * from t1 where a > c;
a	b	c
999.98	4	999.97
select * from t1 where a < c;
a	b	c
999.97	3	999.99
999.99	2	999.99
select * from t1 where abs(a) = 999.97;
a	b	c
999.97	3	999.99
select * from t1 where a > -1;
a	b	c
0.00	1	0
999.97	3	999.99
999.98	4	999.97
999.99	2	999.99
select * from t1 order by a desc;
a	b	c
999.99	2	999.99
999.98	4	999.97
999.97	3	999.99
0.00	1	0
NULL	8	NULL
select * from t1 order by a limit 1 offset 2;
a	b	c
999.97	3	999.99
drop table t1;
create table t1(a double(6,2) ,b int, c decimal(10,2));
insert into t1 values(999.99,0,999.99),(-999.99,0,-999.99),(-999.98,1,-999.97),(-999.98,2,-999.99),(999.98,3,999.97),(999.97,4,999.98),(0,7,0);
insert into t1(b) values(8);
select * from t1 where a is null;
a	b	c
NULL	8	NULL
select * from t1 where a is not null;
a	b	c
-999.98	1	-999.97
-999.98	2	-999.99
-999.99	0	-999.99
0.00	7	0.00
999.97	4	999.98
999.98	3	999.97
999.99	0	999.99
select * from t1 where a = -999.99;
a	b	c
-999.99	0	-999.99
select * from t1 where a != -999.99;
a	b	c
-999.98	1	-999.97
-999.98	2	-999.99
0.00	7	0.00
999.97	4	999.98
999.98	3	999.97
999.99	0	999.99
select * from t1 where a <> -999.99;
a	b	c
-999.98	1	-999.97
-999.98	2	-999.99
0.00	7	0.00
999.97	4	999.98
999.98	3	999.97
999.99	0	999.99
select * from t1 where a < 999.99 and a >= -999.97;
a	b	c
0.00	7	0.00
999.97	4	999.98
999.98	3	999.97
select * from t1 where a <= 999.99 and a > -999.97;
a	b	c
0.00	7	0.00
999.97	4	999.98
999.98	3	999.97
999.99	0	999.99
select * from t1 where a <=> -999.99;
a	b	c
-999.99	0	-999.99
select * from t1 where a between -999.99 and 999.97;
a	b	c
-999.98	1	-999.97
-999.98	2	-999.99
-999.99	0	-999.99
0.00	7	0.00
999.97	4	999.98
select * from t1 where a in(999.99,-999.99,129);
a	b	c
-999.99	0	-999.99
999.99	0	999.99
select * from t1 where a = 'a1';
a	b	c
0.00	7	0.00
Warning	1292	Truncated incorrect DOUBLE value: 'a1'
Warnings:
select * from t1 where a = c;
a	b	c
-999.99	0	-999.99
0.00	7	0.00
999.99	0	999.99
select * from t1 where a != c;
a	b	c
-999.98	1	-999.97
-999.98	2	-999.99
999.97	4	999.98
999.98	3	999.97
select * from t1 where a > c;
a	b	c
-999.98	2	-999.99
999.98	3	999.97
select * from t1 where a < c;
a	b	c
-999.98	1	-999.97
999.97	4	999.98
select * from t1 where abs(a) = 999.99;
a	b	c
-999.99	0	-999.99
999.99	0	999.99
select * from t1 where a > -10;
a	b	c
0.00	7	0.00
999.97	4	999.98
999.98	3	999.97
999.99	0	999.99
create index a on t1(a);
select * from t1 where a is null;
a	b	c
NULL	8	NULL
select * from t1 where a is not null;
a	b	c
-999.98	1	-999.97
-999.98	2	-999.99
-999.99	0	-999.99
0.00	7	0.00
999.97	4	999.98
999.98	3	999.97
999.99	0	999.99
select * from t1 where a = -999.99;
a	b	c
-999.99	0	-999.99
select * from t1 where a != -999.99;
a	b	c
-999.98	1	-999.97
-999.98	2	-999.99
0.00	7	0.00
999.97	4	999.98
999.98	3	999.97
999.99	0	999.99
select * from t1 where a <> -999.99;
a	b	c
-999.98	1	-999.97
-999.98	2	-999.99
0.00	7	0.00
999.97	4	999.98
999.98	3	999.97
999.99	0	999.99
select * from t1 where a < 999.99 and a >= -999.97;
a	b	c
0.00	7	0.00
999.97	4	999.98
999.98	3	999.97
select * from t1 where a <= 999.99 and a > -999.97;
a	b	c
0.00	7	0.00
999.97	4	999.98
999.98	3	999.97
999.99	0	999.99
select * from t1 where a <=> -999.99;
a	b	c
-999.99	0	-999.99
select * from t1 where a between -999.99 and 999.97;
a	b	c
-999.98	1	-999.97
-999.98	2	-999.99
-999.99	0	-999.99
0.00	7	0.00
999.97	4	999.98
select * from t1 where a in(999.99,-999.99,129);
a	b	c
-999.99	0	-999.99
999.99	0	999.99
select * from t1 where a = 'a1';
a	b	c
0.00	7	0.00
select * from t1 where a = c;
a	b	c
-999.99	0	-999.99
0.00	7	0.00
999.99	0	999.99
select * from t1 where a != c;
a	b	c
-999.98	1	-999.97
-999.98	2	-999.99
999.97	4	999.98
999.98	3	999.97
select * from t1 where a > c;
a	b	c
-999.98	2	-999.99
999.98	3	999.97
select * from t1 where a < c;
a	b	c
-999.98	1	-999.97
999.97	4	999.98
select * from t1 where abs(a) = 999.99;
a	b	c
-999.99	0	-999.99
999.99	0	999.99
select * from t1 where a > -10;
a	b	c
0.00	7	0.00
999.97	4	999.98
999.98	3	999.97
999.99	0	999.99
select * from t1 order by a desc;
a	b	c
999.99	0	999.99
999.98	3	999.97
999.97	4	999.98
0.00	7	0.00
-999.98	1	-999.97
-999.98	2	-999.99
-999.99	0	-999.99
NULL	8	NULL
select * from t1 order by a asc limit 1 offset 2;
a	b	c
-999.98	1	-999.97
drop table t1;
create table t1(a double(6,2) unsigned,b int, c decimal(10,2));
insert into t1 values(0,1,0),(999.99,2,999.99),(999.97,3,999.99),(999.98,4,999.97);
insert into t1(b) values(8);
select * from t1 where a is null;
a	b	c
NULL	8	NULL
select * from t1 where a is not null;
a	b	c
0.00	1	0.00
999.97	3	999.99
999.98	4	999.97
999.99	2	999.99
select * from t1 where a = 999.97;
a	b	c
999.97	3	999.99
select * from t1 where a != 999.97;
a	b	c
0.00	1	0.00
999.98	4	999.97
999.99	2	999.99
select * from t1 where a <> 999.97;
a	b	c
0.00	1	0.00
999.98	4	999.97
999.99	2	999.99
select * from t1 where a < 999.97 and a >= 0;
a	b	c
0.00	1	0.00
select * from t1 where a <= 999.97 and a > 0;
a	b	c
999.97	3	999.99
select * from t1 where a <=> 999.97;
a	b	c
999.97	3	999.99
select * from t1 where a between 0 and 999.97;
a	b	c
0.00	1	0.00
999.97	3	999.99
select * from t1 where a in(0,999.97,129);
a	b	c
0.00	1	0.00
999.97	3	999.99
select * from t1 where a = 'a1';
a	b	c
0.00	1	0.00
Warning	1292	Truncated incorrect DOUBLE value: 'a1'
Warnings:
select * from t1 where a = c;
a	b	c
0.00	1	0.00
999.99	2	999.99
select * from t1 where a != c;
a	b	c
999.97	3	999.99
999.98	4	999.97
select * from t1 where a > c;
a	b	c
999.98	4	999.97
select * from t1 where a < c;
a	b	c
999.97	3	999.99
select * from t1 where abs(a) = 999.97;
a	b	c
999.97	3	999.99
select * from t1 where a > -1;
a	b	c
0.00	1	0.00
999.97	3	999.99
999.98	4	999.97
999.99	2	999.99
create index a on t1(a);
select * from t1 where a is null;
a	b	c
NULL	8	NULL
select * from t1 where a is not null;
a	b	c
0.00	1	0.00
999.97	3	999.99
999.98	4	999.97
999.99	2	999.99
select * from t1 where a = 999.97;
a	b	c
999.97	3	999.99
select * from t1 where a != 999.97;
a	b	c
0.00	1	0.00
999.98	4	999.97
999.99	2	999.99
select * from t1 where a <> 999.97;
a	b	c
0.00	1	0.00
999.98	4	999.97
999.99	2	999.99
select * from t1 where a < 999.97 and a >= 0;
a	b	c
0.00	1	0.00
select * from t1 where a <= 999.97 and a > 0;
a	b	c
999.97	3	999.99
select * from t1 where a <=> 999.97;
a	b	c
999.97	3	999.99
select * from t1 where a between 0 and 999.97;
a	b	c
0.00	1	0.00
999.97	3	999.99
select * from t1 where a in(0,999.97,129);
a	b	c
0.00	1	0.00
999.97	3	999.99
select * from t1 where a = 'a1';
a	b	c
0.00	1	0.00
select * from t1 where a = c;
a	b	c
0.00	1	0.00
999.99	2	999.99
select * from t1 where a != c;
a	b	c
999.97	3	999.99
999.98	4	999.97
select * from t1 where a > c;
a	b	c
999.98	4	999.97
select * from t1 where a < c;
a	b	c
999.97	3	999.99
select * from t1 where abs(a) = 999.97;
a	b	c
999.97	3	999.99
select * from t1 where a > -1;
a	b	c
0.00	1	0.00
999.97	3	999.99
999.98	4	999.97
999.99	2	999.99
select * from t1 order by a desc;
a	b	c
999.99	2	999.99
999.98	4	999.97
999.97	3	999.99
0.00	1	0.00
NULL	8	NULL
select * from t1 order by a limit 1 offset 2;
a	b	c
999.97	3	999.99
drop table t1;
CREATE TABLE t1(a tinytext, b mediumtext, c text, d longtext, e varchar(16));
INSERT INTO t1 VALUES ("hello", "hello", "hello", "hello", "hello");
INSERT INTO t1 VALUES ("HELLO", "HELLO", "HELLO", "HELLO", "HELLO");
INSERT INTO t1 VALUES ("hello ", "hello ", "hello ", "hello ", "hello ");
INSERT INTO t1 VALUES ("HELLO ", "HELLO ", "HELLO ", "HELLO ", "HELLO ");
INSERT INTO t1 VALUES (" hello", " hello", " hello", " hello", " hello");
INSERT INTO t1 VALUES (" HELLO", " HELLO", " HELLO", " HELLO", " HELLO");
INSERT INTO t1 VALUES (" hello ", " hello ", " hello ", " hello ", " hello ");
INSERT INTO t1 VALUES (" HELLO ", " HELLO ", " HELLO ", " HELLO ", " HELLO ");
INSERT INTO t1 VALUES ("hello1", "hello1", "hello1", "hello1", "hello1");
INSERT INTO t1 VALUES ("HELLO1", "HELLO1", "HELLO1", "HELLO1", "HELLO1");
INSERT INTO t1 VALUES ("hello1 ", "hello1 ", "hello1 ", "hello1 ", "hello1 ");
INSERT INTO t1 VALUES ("HELLO1 ", "HELLO1 ", "HELLO1 ", "HELLO1 ", "HELLO1 ");
INSERT INTO t1 VALUES (" hello1", " hello1", " hello1", " hello1", " hello1");
INSERT INTO t1 VALUES (" HELLO1", " HELLO1", " HELLO1", " HELLO1", " HELLO1");
INSERT INTO t1 VALUES (" hello1 ", " hello1 ", " hello1 ", " hello1 ", " hello1 ");
INSERT INTO t1 VALUES (" HELLO1 ", " HELLO1 ", " HELLO1 ", " HELLO1 ", " HELLO1 ");
INSERT INTO t1 VALUES ("hello2 ", "hello2 ", "hello2 ", "hello2 ", "hello2 ");
SELECT * FROM t1 WHERE a IS NULL;
a	b	c	d	e
SELECT * FROM t1 WHERE a IS NOT NULL;
a	b	c	d	e
 HELLO	 HELLO	 HELLO	 HELLO	 HELLO
 HELLO 	 HELLO 	 HELLO 	 HELLO 	 HELLO 
 HELLO1	 HELLO1	 HELLO1	 HELLO1	 HELLO1
 HELLO1 	 HELLO1 	 HELLO1 	 HELLO1 	 HELLO1 
 hello	 hello	 hello	 hello	 hello
 hello 	 hello 	 hello 	 hello 	 hello 
 hello1	 hello1	 hello1	 hello1	 hello1
 hello1 	 hello1 	 hello1 	 hello1 	 hello1 
HELLO	HELLO	HELLO	HELLO	HELLO
HELLO 	HELLO 	HELLO 	HELLO 	HELLO 
HELLO1	HELLO1	HELLO1	HELLO1	HELLO1
HELLO1 	HELLO1 	HELLO1 	HELLO1 	HELLO1 
hello	hello	hello	hello	hello
hello 	hello 	hello 	hello 	hello 
hello1	hello1	hello1	hello1	hello1
hello1 	hello1 	hello1 	hello1 	hello1 
hello2 	hello2 	hello2 	hello2 	hello2 
SELECT * FROM t1 WHERE a = "hello";
a	b	c	d	e
hello	hello	hello	hello	hello
SELECT * FROM t1 WHERE a = "HELLO";
a	b	c	d	e
HELLO	HELLO	HELLO	HELLO	HELLO
SELECT * FROM t1 WHERE a = "hello ";
a	b	c	d	e
hello 	hello 	hello 	hello 	hello 
SELECT * FROM t1 WHERE a = "HELLO ";
a	b	c	d	e
HELLO 	HELLO 	HELLO 	HELLO 	HELLO 
SELECT * FROM t1 WHERE a = " hello";
a	b	c	d	e
 hello	 hello	 hello	 hello	 hello
SELECT * FROM t1 WHERE a = " HELLO";
a	b	c	d	e
 HELLO	 HELLO	 HELLO	 HELLO	 HELLO
SELECT * FROM t1 WHERE a = " hello ";
a	b	c	d	e
 hello 	 hello 	 hello 	 hello 	 hello 
SELECT * FROM t1 WHERE a = " HELLO ";
a	b	c	d	e
 HELLO 	 HELLO 	 HELLO 	 HELLO 	 HELLO 
SELECT * FROM t1 WHERE a = e;
a	b	c	d	e
 HELLO	 HELLO	 HELLO	 HELLO	 HELLO
 HELLO 	 HELLO 	 HELLO 	 HELLO 	 HELLO 
 HELLO1	 HELLO1	 HELLO1	 HELLO1	 HELLO1
 HELLO1 	 HELLO1 	 HELLO1 	 HELLO1 	 HELLO1 
 hello	 hello	 hello	 hello	 hello
 hello 	 hello 	 hello 	 hello 	 hello 
 hello1	 hello1	 hello1	 hello1	 hello1
 hello1 	 hello1 	 hello1 	 hello1 	 hello1 
HELLO	HELLO	HELLO	HELLO	HELLO
HELLO 	HELLO 	HELLO 	HELLO 	HELLO 
HELLO1	HELLO1	HELLO1	HELLO1	HELLO1
HELLO1 	HELLO1 	HELLO1 	HELLO1 	HELLO1 
hello	hello	hello	hello	hello
hello 	hello 	hello 	hello 	hello 
hello1	hello1	hello1	hello1	hello1
hello1 	hello1 	hello1 	hello1 	hello1 
hello2 	hello2 	hello2 	hello2 	hello2 
SELECT * FROM t1 WHERE a <=> "hello";
a	b	c	d	e
hello	hello	hello	hello	hello
SELECT * FROM t1 WHERE a <=> "HELLO";
a	b	c	d	e
HELLO	HELLO	HELLO	HELLO	HELLO
SELECT * FROM t1 WHERE a <=> "hello ";
a	b	c	d	e
hello 	hello 	hello 	hello 	hello 
SELECT * FROM t1 WHERE a <=> "HELLO ";
a	b	c	d	e
HELLO 	HELLO 	HELLO 	HELLO 	HELLO 
SELECT * FROM t1 WHERE a <=> " hello";
a	b	c	d	e
 hello	 hello	 hello	 hello	 hello
SELECT * FROM t1 WHERE a <=> " HELLO";
a	b	c	d	e
 HELLO	 HELLO	 HELLO	 HELLO	 HELLO
SELECT * FROM t1 WHERE a <=> " hello ";
a	b	c	d	e
 hello 	 hello 	 hello 	 hello 	 hello 
SELECT * FROM t1 WHERE a <=> " HELLO ";
a	b	c	d	e
 HELLO 	 HELLO 	 HELLO 	 HELLO 	 HELLO 
SELECT * FROM t1 WHERE a <=> e;
a	b	c	d	e
 HELLO	 HELLO	 HELLO	 HELLO	 HELLO
 HELLO 	 HELLO 	 HELLO 	 HELLO 	 HELLO 
 HELLO1	 HELLO1	 HELLO1	 HELLO1	 HELLO1
 HELLO1 	 HELLO1 	 HELLO1 	 HELLO1 	 HELLO1 
 hello	 hello	 hello	 hello	 hello
 hello 	 hello 	 hello 	 hello 	 hello 
 hello1	 hello1	 hello1	 hello1	 hello1
 hello1 	 hello1 	 hello1 	 hello1 	 hello1 
HELLO	HELLO	HELLO	HELLO	HELLO
HELLO 	HELLO 	HELLO 	HELLO 	HELLO 
HELLO1	HELLO1	HELLO1	HELLO1	HELLO1
HELLO1 	HELLO1 	HELLO1 	HELLO1 	HELLO1 
hello	hello	hello	hello	hello
hello 	hello 	hello 	hello 	hello 
hello1	hello1	hello1	hello1	hello1
hello1 	hello1 	hello1 	hello1 	hello1 
hello2 	hello2 	hello2 	hello2 	hello2 
SELECT * FROM t1 WHERE a IN ("hello", "hello1");
a	b	c	d	e
hello	hello	hello	hello	hello
hello1	hello1	hello1	hello1	hello1
SELECT * FROM t1 WHERE a IN ("HELLO", "HELLO1");
a	b	c	d	e
HELLO	HELLO	HELLO	HELLO	HELLO
HELLO1	HELLO1	HELLO1	HELLO1	HELLO1
SELECT * FROM t1 WHERE a IN ("hello ", "hello1 ");
a	b	c	d	e
hello 	hello 	hello 	hello 	hello 
hello1 	hello1 	hello1 	hello1 	hello1 
SELECT * FROM t1 WHERE a IN ("HELLO ", "HELLO1 ");
a	b	c	d	e
HELLO 	HELLO 	HELLO 	HELLO 	HELLO 
HELLO1 	HELLO1 	HELLO1 	HELLO1 	HELLO1 
SELECT * FROM t1 WHERE a IN (" hello", " hello1");
a	b	c	d	e
 hello	 hello	 hello	 hello	 hello
 hello1	 hello1	 hello1	 hello1	 hello1
SELECT * FROM t1 WHERE a IN (" HELLO ", " HELLO1 ");
a	b	c	d	e
 HELLO 	 HELLO 	 HELLO 	 HELLO 	 HELLO 
 HELLO1 	 HELLO1 	 HELLO1 	 HELLO1 	 HELLO1 
SELECT * FROM t1 WHERE a LIKE "%hello";
a	b	c	d	e
 hello	 hello	 hello	 hello	 hello
hello	hello	hello	hello	hello
SELECT * FROM t1 WHERE a LIKE "%HELLO";
a	b	c	d	e
 HELLO	 HELLO	 HELLO	 HELLO	 HELLO
HELLO	HELLO	HELLO	HELLO	HELLO
SELECT * FROM t1 WHERE a LIKE "hello%";
a	b	c	d	e
hello	hello	hello	hello	hello
hello 	hello 	hello 	hello 	hello 
hello1	hello1	hello1	hello1	hello1
hello1 	hello1 	hello1 	hello1 	hello1 
hello2 	hello2 	hello2 	hello2 	hello2 
SELECT * FROM t1 WHERE a LIKE "HELLO%";
a	b	c	d	e
HELLO	HELLO	HELLO	HELLO	HELLO
HELLO 	HELLO 	HELLO 	HELLO 	HELLO 
HELLO1	HELLO1	HELLO1	HELLO1	HELLO1
HELLO1 	HELLO1 	HELLO1 	HELLO1 	HELLO1 
SELECT * FROM t1 WHERE a LIKE "_hello";
a	b	c	d	e
 hello	 hello	 hello	 hello	 hello
SELECT * FROM t1 WHERE a LIKE "_HELLO";
a	b	c	d	e
 HELLO	 HELLO	 HELLO	 HELLO	 HELLO
SELECT * FROM t1 WHERE a LIKE "hello_";
a	b	c	d	e
hello 	hello 	hello 	hello 	hello 
hello1	hello1	hello1	hello1	hello1
SELECT * FROM t1 WHERE a LIKE "HELLO_";
a	b	c	d	e
HELLO 	HELLO 	HELLO 	HELLO 	HELLO 
HELLO1	HELLO1	HELLO1	HELLO1	HELLO1
SELECT * FROM t1 WHERE b IS NULL;
a	b	c	d	e
SELECT * FROM t1 WHERE b IS NOT NULL;
a	b	c	d	e
 HELLO	 HELLO	 HELLO	 HELLO	 HELLO
 HELLO 	 HELLO 	 HELLO 	 HELLO 	 HELLO 
 HELLO1	 HELLO1	 HELLO1	 HELLO1	 HELLO1
 HELLO1 	 HELLO1 	 HELLO1 	 HELLO1 	 HELLO1 
 hello	 hello	 hello	 hello	 hello
 hello 	 hello 	 hello 	 hello 	 hello 
 hello1	 hello1	 hello1	 hello1	 hello1
 hello1 	 hello1 	 hello1 	 hello1 	 hello1 
HELLO	HELLO	HELLO	HELLO	HELLO
HELLO 	HELLO 	HELLO 	HELLO 	HELLO 
HELLO1	HELLO1	HELLO1	HELLO1	HELLO1
HELLO1 	HELLO1 	HELLO1 	HELLO1 	HELLO1 
hello	hello	hello	hello	hello
hello 	hello 	hello 	hello 	hello 
hello1	hello1	hello1	hello1	hello1
hello1 	hello1 	hello1 	hello1 	hello1 
hello2 	hello2 	hello2 	hello2 	hello2 
SELECT * FROM t1 WHERE b = "hello";
a	b	c	d	e
hello	hello	hello	hello	hello
SELECT * FROM t1 WHERE b = "hello ";
a	b	c	d	e
hello 	hello 	hello 	hello 	hello 
SELECT * FROM t1 WHERE b = " hello";
a	b	c	d	e
 hello	 hello	 hello	 hello	 hello
SELECT * FROM t1 WHERE b = " hello ";
a	b	c	d	e
 hello 	 hello 	 hello 	 hello 	 hello 
SELECT * FROM t1 WHERE b = " HELLO ";
a	b	c	d	e
 HELLO 	 HELLO 	 HELLO 	 HELLO 	 HELLO 
SELECT * FROM t1 WHERE b = e;
a	b	c	d	e
 HELLO	 HELLO	 HELLO	 HELLO	 HELLO
 HELLO 	 HELLO 	 HELLO 	 HELLO 	 HELLO 
 HELLO1	 HELLO1	 HELLO1	 HELLO1	 HELLO1
 HELLO1 	 HELLO1 	 HELLO1 	 HELLO1 	 HELLO1 
 hello	 hello	 hello	 hello	 hello
 hello 	 hello 	 hello 	 hello 	 hello 
 hello1	 hello1	 hello1	 hello1	 hello1
 hello1 	 hello1 	 hello1 	 hello1 	 hello1 
HELLO	HELLO	HELLO	HELLO	HELLO
HELLO 	HELLO 	HELLO 	HELLO 	HELLO 
HELLO1	HELLO1	HELLO1	HELLO1	HELLO1
HELLO1 	HELLO1 	HELLO1 	HELLO1 	HELLO1 
hello	hello	hello	hello	hello
hello 	hello 	hello 	hello 	hello 
hello1	hello1	hello1	hello1	hello1
hello1 	hello1 	hello1 	hello1 	hello1 
hello2 	hello2 	hello2 	hello2 	hello2 
SELECT * FROM t1 WHERE b <=> "hello";
a	b	c	d	e
hello	hello	hello	hello	hello
SELECT * FROM t1 WHERE b <=> "hello ";
a	b	c	d	e
hello 	hello 	hello 	hello 	hello 
SELECT * FROM t1 WHERE b <=> " hello";
a	b	c	d	e
 hello	 hello	 hello	 hello	 hello
SELECT * FROM t1 WHERE b <=> " hello ";
a	b	c	d	e
 hello 	 hello 	 hello 	 hello 	 hello 
SELECT * FROM t1 WHERE b <=> " HELLO ";
a	b	c	d	e
 HELLO 	 HELLO 	 HELLO 	 HELLO 	 HELLO 
SELECT * FROM t1 WHERE b <=> e;
a	b	c	d	e
 HELLO	 HELLO	 HELLO	 HELLO	 HELLO
 HELLO 	 HELLO 	 HELLO 	 HELLO 	 HELLO 
 HELLO1	 HELLO1	 HELLO1	 HELLO1	 HELLO1
 HELLO1 	 HELLO1 	 HELLO1 	 HELLO1 	 HELLO1 
 hello	 hello	 hello	 hello	 hello
 hello 	 hello 	 hello 	 hello 	 hello 
 hello1	 hello1	 hello1	 hello1	 hello1
 hello1 	 hello1 	 hello1 	 hello1 	 hello1 
HELLO	HELLO	HELLO	HELLO	HELLO
HELLO 	HELLO 	HELLO 	HELLO 	HELLO 
HELLO1	HELLO1	HELLO1	HELLO1	HELLO1
HELLO1 	HELLO1 	HELLO1 	HELLO1 	HELLO1 
hello	hello	hello	hello	hello
hello 	hello 	hello 	hello 	hello 
hello1	hello1	hello1	hello1	hello1
hello1 	hello1 	hello1 	hello1 	hello1 
hello2 	hello2 	hello2 	hello2 	hello2 
SELECT * FROM t1 WHERE b IN ("hello", "hello1");
a	b	c	d	e
hello	hello	hello	hello	hello
hello1	hello1	hello1	hello1	hello1
SELECT * FROM t1 WHERE b IN ("HELLO", "HELLO1");
a	b	c	d	e
HELLO	HELLO	HELLO	HELLO	HELLO
HELLO1	HELLO1	HELLO1	HELLO1	HELLO1
SELECT * FROM t1 WHERE b IN (" hello", " hello1");
a	b	c	d	e
 hello	 hello	 hello	 hello	 hello
 hello1	 hello1	 hello1	 hello1	 hello1
SELECT * FROM t1 WHERE b IN (" HELLO ", " HELLO1 ");
a	b	c	d	e
 HELLO 	 HELLO 	 HELLO 	 HELLO 	 HELLO 
 HELLO1 	 HELLO1 	 HELLO1 	 HELLO1 	 HELLO1 
SELECT * FROM t1 WHERE b LIKE "%hello";
a	b	c	d	e
 hello	 hello	 hello	 hello	 hello
hello	hello	hello	hello	hello
SELECT * FROM t1 WHERE b LIKE "%HELLO";
a	b	c	d	e
 HELLO	 HELLO	 HELLO	 HELLO	 HELLO
HELLO	HELLO	HELLO	HELLO	HELLO
SELECT * FROM t1 WHERE b LIKE "hello%";
a	b	c	d	e
hello	hello	hello	hello	hello
hello 	hello 	hello 	hello 	hello 
hello1	hello1	hello1	hello1	hello1
hello1 	hello1 	hello1 	hello1 	hello1 
hello2 	hello2 	hello2 	hello2 	hello2 
SELECT * FROM t1 WHERE b LIKE "HELLO%";
a	b	c	d	e
HELLO	HELLO	HELLO	HELLO	HELLO
HELLO 	HELLO 	HELLO 	HELLO 	HELLO 
HELLO1	HELLO1	HELLO1	HELLO1	HELLO1
HELLO1 	HELLO1 	HELLO1 	HELLO1 	HELLO1 
SELECT * FROM t1 WHERE b LIKE "_hello";
a	b	c	d	e
 hello	 hello	 hello	 hello	 hello
SELECT * FROM t1 WHERE b LIKE "_HELLO";
a	b	c	d	e
 HELLO	 HELLO	 HELLO	 HELLO	 HELLO
SELECT * FROM t1 WHERE b LIKE "hello_";
a	b	c	d	e
hello 	hello 	hello 	hello 	hello 
hello1	hello1	hello1	hello1	hello1
SELECT * FROM t1 WHERE b LIKE "HELLO_";
a	b	c	d	e
HELLO 	HELLO 	HELLO 	HELLO 	HELLO 
HELLO1	HELLO1	HELLO1	HELLO1	HELLO1
SELECT * FROM t1 WHERE c IS NULL;
a	b	c	d	e
SELECT * FROM t1 WHERE c IS NOT NULL;
a	b	c	d	e
 HELLO	 HELLO	 HELLO	 HELLO	 HELLO
 HELLO 	 HELLO 	 HELLO 	 HELLO 	 HELLO 
 HELLO1	 HELLO1	 HELLO1	 HELLO1	 HELLO1
 HELLO1 	 HELLO1 	 HELLO1 	 HELLO1 	 HELLO1 
 hello	 hello	 hello	 hello	 hello
 hello 	 hello 	 hello 	 hello 	 hello 
 hello1	 hello1	 hello1	 hello1	 hello1
 hello1 	 hello1 	 hello1 	 hello1 	 hello1 
HELLO	HELLO	HELLO	HELLO	HELLO
HELLO 	HELLO 	HELLO 	HELLO 	HELLO 
HELLO1	HELLO1	HELLO1	HELLO1	HELLO1
HELLO1 	HELLO1 	HELLO1 	HELLO1 	HELLO1 
hello	hello	hello	hello	hello
hello 	hello 	hello 	hello 	hello 
hello1	hello1	hello1	hello1	hello1
hello1 	hello1 	hello1 	hello1 	hello1 
hello2 	hello2 	hello2 	hello2 	hello2 
SELECT * FROM t1 WHERE c = "hello";
a	b	c	d	e
hello	hello	hello	hello	hello
SELECT * FROM t1 WHERE c = "hello ";
a	b	c	d	e
hello 	hello 	hello 	hello 	hello 
SELECT * FROM t1 WHERE c = " hello";
a	b	c	d	e
 hello	 hello	 hello	 hello	 hello
SELECT * FROM t1 WHERE c = " hello ";
a	b	c	d	e
 hello 	 hello 	 hello 	 hello 	 hello 
SELECT * FROM t1 WHERE c = " HELLO ";
a	b	c	d	e
 HELLO 	 HELLO 	 HELLO 	 HELLO 	 HELLO 
SELECT * FROM t1 WHERE c = e;
a	b	c	d	e
 HELLO	 HELLO	 HELLO	 HELLO	 HELLO
 HELLO 	 HELLO 	 HELLO 	 HELLO 	 HELLO 
 HELLO1	 HELLO1	 HELLO1	 HELLO1	 HELLO1
 HELLO1 	 HELLO1 	 HELLO1 	 HELLO1 	 HELLO1 
 hello	 hello	 hello	 hello	 hello
 hello 	 hello 	 hello 	 hello 	 hello 
 hello1	 hello1	 hello1	 hello1	 hello1
 hello1 	 hello1 	 hello1 	 hello1 	 hello1 
HELLO	HELLO	HELLO	HELLO	HELLO
HELLO 	HELLO 	HELLO 	HELLO 	HELLO 
HELLO1	HELLO1	HELLO1	HELLO1	HELLO1
HELLO1 	HELLO1 	HELLO1 	HELLO1 	HELLO1 
hello	hello	hello	hello	hello
hello 	hello 	hello 	hello 	hello 
hello1	hello1	hello1	hello1	hello1
hello1 	hello1 	hello1 	hello1 	hello1 
hello2 	hello2 	hello2 	hello2 	hello2 
SELECT * FROM t1 WHERE c <=> "hello";
a	b	c	d	e
hello	hello	hello	hello	hello
SELECT * FROM t1 WHERE c <=> "hello ";
a	b	c	d	e
hello 	hello 	hello 	hello 	hello 
SELECT * FROM t1 WHERE c <=> " hello";
a	b	c	d	e
 hello	 hello	 hello	 hello	 hello
SELECT * FROM t1 WHERE c <=> " hello ";
a	b	c	d	e
 hello 	 hello 	 hello 	 hello 	 hello 
SELECT * FROM t1 WHERE c <=> " HELLO ";
a	b	c	d	e
 HELLO 	 HELLO 	 HELLO 	 HELLO 	 HELLO 
SELECT * FROM t1 WHERE c <=> e;
a	b	c	d	e
 HELLO	 HELLO	 HELLO	 HELLO	 HELLO
 HELLO 	 HELLO 	 HELLO 	 HELLO 	 HELLO 
 HELLO1	 HELLO1	 HELLO1	 HELLO1	 HELLO1
 HELLO1 	 HELLO1 	 HELLO1 	 HELLO1 	 HELLO1 
 hello	 hello	 hello	 hello	 hello
 hello 	 hello 	 hello 	 hello 	 hello 
 hello1	 hello1	 hello1	 hello1	 hello1
 hello1 	 hello1 	 hello1 	 hello1 	 hello1 
HELLO	HELLO	HELLO	HELLO	HELLO
HELLO 	HELLO 	HELLO 	HELLO 	HELLO 
HELLO1	HELLO1	HELLO1	HELLO1	HELLO1
HELLO1 	HELLO1 	HELLO1 	HELLO1 	HELLO1 
hello	hello	hello	hello	hello
hello 	hello 	hello 	hello 	hello 
hello1	hello1	hello1	hello1	hello1
hello1 	hello1 	hello1 	hello1 	hello1 
hello2 	hello2 	hello2 	hello2 	hello2 
SELECT * FROM t1 WHERE c IN ("hello", "hello1");
a	b	c	d	e
hello	hello	hello	hello	hello
hello1	hello1	hello1	hello1	hello1
SELECT * FROM t1 WHERE c IN ("HELLO", "HELLO1");
a	b	c	d	e
HELLO	HELLO	HELLO	HELLO	HELLO
HELLO1	HELLO1	HELLO1	HELLO1	HELLO1
SELECT * FROM t1 WHERE c IN (" hello", " hello1");
a	b	c	d	e
 hello	 hello	 hello	 hello	 hello
 hello1	 hello1	 hello1	 hello1	 hello1
SELECT * FROM t1 WHERE c IN (" HELLO ", " HELLO1 ");
a	b	c	d	e
 HELLO 	 HELLO 	 HELLO 	 HELLO 	 HELLO 
 HELLO1 	 HELLO1 	 HELLO1 	 HELLO1 	 HELLO1 
SELECT * FROM t1 WHERE c LIKE "%hello";
a	b	c	d	e
 hello	 hello	 hello	 hello	 hello
hello	hello	hello	hello	hello
SELECT * FROM t1 WHERE c LIKE "%HELLO";
a	b	c	d	e
 HELLO	 HELLO	 HELLO	 HELLO	 HELLO
HELLO	HELLO	HELLO	HELLO	HELLO
SELECT * FROM t1 WHERE c LIKE "hello%";
a	b	c	d	e
hello	hello	hello	hello	hello
hello 	hello 	hello 	hello 	hello 
hello1	hello1	hello1	hello1	hello1
hello1 	hello1 	hello1 	hello1 	hello1 
hello2 	hello2 	hello2 	hello2 	hello2 
SELECT * FROM t1 WHERE c LIKE "HELLO%";
a	b	c	d	e
HELLO	HELLO	HELLO	HELLO	HELLO
HELLO 	HELLO 	HELLO 	HELLO 	HELLO 
HELLO1	HELLO1	HELLO1	HELLO1	HELLO1
HELLO1 	HELLO1 	HELLO1 	HELLO1 	HELLO1 
SELECT * FROM t1 WHERE c LIKE "_hello";
a	b	c	d	e
 hello	 hello	 hello	 hello	 hello
SELECT * FROM t1 WHERE c LIKE "_HELLO";
a	b	c	d	e
 HELLO	 HELLO	 HELLO	 HELLO	 HELLO
SELECT * FROM t1 WHERE c LIKE "hello_";
a	b	c	d	e
hello 	hello 	hello 	hello 	hello 
hello1	hello1	hello1	hello1	hello1
SELECT * FROM t1 WHERE c LIKE "HELLO_";
a	b	c	d	e
HELLO 	HELLO 	HELLO 	HELLO 	HELLO 
HELLO1	HELLO1	HELLO1	HELLO1	HELLO1
SELECT * FROM t1 WHERE d IS NULL;
a	b	c	d	e
SELECT * FROM t1 WHERE d IS NOT NULL;
a	b	c	d	e
 HELLO	 HELLO	 HELLO	 HELLO	 HELLO
 HELLO 	 HELLO 	 HELLO 	 HELLO 	 HELLO 
 HELLO1	 HELLO1	 HELLO1	 HELLO1	 HELLO1
 HELLO1 	 HELLO1 	 HELLO1 	 HELLO1 	 HELLO1 
 hello	 hello	 hello	 hello	 hello
 hello 	 hello 	 hello 	 hello 	 hello 
 hello1	 hello1	 hello1	 hello1	 hello1
 hello1 	 hello1 	 hello1 	 hello1 	 hello1 
HELLO	HELLO	HELLO	HELLO	HELLO
HELLO 	HELLO 	HELLO 	HELLO 	HELLO 
HELLO1	HELLO1	HELLO1	HELLO1	HELLO1
HELLO1 	HELLO1 	HELLO1 	HELLO1 	HELLO1 
hello	hello	hello	hello	hello
hello 	hello 	hello 	hello 	hello 
hello1	hello1	hello1	hello1	hello1
hello1 	hello1 	hello1 	hello1 	hello1 
hello2 	hello2 	hello2 	hello2 	hello2 
SELECT * FROM t1 WHERE d = "hello";
a	b	c	d	e
hello	hello	hello	hello	hello
SELECT * FROM t1 WHERE d = "hello ";
a	b	c	d	e
hello 	hello 	hello 	hello 	hello 
SELECT * FROM t1 WHERE d = " hello";
a	b	c	d	e
 hello	 hello	 hello	 hello	 hello
SELECT * FROM t1 WHERE d = " hello ";
a	b	c	d	e
 hello 	 hello 	 hello 	 hello 	 hello 
SELECT * FROM t1 WHERE d = " HELLO ";
a	b	c	d	e
 HELLO 	 HELLO 	 HELLO 	 HELLO 	 HELLO 
SELECT * FROM t1 WHERE d <=> "hello";
a	b	c	d	e
hello	hello	hello	hello	hello
SELECT * FROM t1 WHERE d <=> "hello ";
a	b	c	d	e
hello 	hello 	hello 	hello 	hello 
SELECT * FROM t1 WHERE d <=> " hello";
a	b	c	d	e
 hello	 hello	 hello	 hello	 hello
SELECT * FROM t1 WHERE d <=> " hello ";
a	b	c	d	e
 hello 	 hello 	 hello 	 hello 	 hello 
SELECT * FROM t1 WHERE d <=> " HELLO ";
a	b	c	d	e
 HELLO 	 HELLO 	 HELLO 	 HELLO 	 HELLO 
SELECT * FROM t1 WHERE d IN ("hello", "hello1");
a	b	c	d	e
hello	hello	hello	hello	hello
hello1	hello1	hello1	hello1	hello1
SELECT * FROM t1 WHERE d IN ("HELLO", "HELLO1");
a	b	c	d	e
HELLO	HELLO	HELLO	HELLO	HELLO
HELLO1	HELLO1	HELLO1	HELLO1	HELLO1
SELECT * FROM t1 WHERE d IN (" hello", " hello1");
a	b	c	d	e
 hello	 hello	 hello	 hello	 hello
 hello1	 hello1	 hello1	 hello1	 hello1
SELECT * FROM t1 WHERE d IN (" HELLO ", " HELLO1 ");
a	b	c	d	e
 HELLO 	 HELLO 	 HELLO 	 HELLO 	 HELLO 
 HELLO1 	 HELLO1 	 HELLO1 	 HELLO1 	 HELLO1 
SELECT * FROM t1 WHERE d LIKE "%hello";
a	b	c	d	e
 hello	 hello	 hello	 hello	 hello
hello	hello	hello	hello	hello
SELECT * FROM t1 WHERE d LIKE "%HELLO";
a	b	c	d	e
 HELLO	 HELLO	 HELLO	 HELLO	 HELLO
HELLO	HELLO	HELLO	HELLO	HELLO
SELECT * FROM t1 WHERE d LIKE "hello%";
a	b	c	d	e
hello	hello	hello	hello	hello
hello 	hello 	hello 	hello 	hello 
hello1	hello1	hello1	hello1	hello1
hello1 	hello1 	hello1 	hello1 	hello1 
hello2 	hello2 	hello2 	hello2 	hello2 
SELECT * FROM t1 WHERE d LIKE "HELLO%";
a	b	c	d	e
HELLO	HELLO	HELLO	HELLO	HELLO
HELLO 	HELLO 	HELLO 	HELLO 	HELLO 
HELLO1	HELLO1	HELLO1	HELLO1	HELLO1
HELLO1 	HELLO1 	HELLO1 	HELLO1 	HELLO1 
SELECT * FROM t1 WHERE d LIKE "_hello";
a	b	c	d	e
 hello	 hello	 hello	 hello	 hello
SELECT * FROM t1 WHERE d LIKE "_HELLO";
a	b	c	d	e
 HELLO	 HELLO	 HELLO	 HELLO	 HELLO
SELECT * FROM t1 WHERE d LIKE "hello_";
a	b	c	d	e
hello 	hello 	hello 	hello 	hello 
hello1	hello1	hello1	hello1	hello1
SELECT * FROM t1 WHERE d LIKE "HELLO_";
a	b	c	d	e
HELLO 	HELLO 	HELLO 	HELLO 	HELLO 
HELLO1	HELLO1	HELLO1	HELLO1	HELLO1
CREATE INDEX a ON t1(a(16));
CREATE INDEX b ON t1(b(16));
CREATE INDEX c ON t1(c(16));
CREATE INDEX d ON t1(d(16));
CREATE INDEX e ON t1(e(16));
SELECT * FROM t1 WHERE a IS NULL;
a	b	c	d	e
SELECT * FROM t1 WHERE a IS NOT NULL;
a	b	c	d	e
 HELLO	 HELLO	 HELLO	 HELLO	 HELLO
 HELLO 	 HELLO 	 HELLO 	 HELLO 	 HELLO 
 HELLO1	 HELLO1	 HELLO1	 HELLO1	 HELLO1
 HELLO1 	 HELLO1 	 HELLO1 	 HELLO1 	 HELLO1 
 hello	 hello	 hello	 hello	 hello
 hello 	 hello 	 hello 	 hello 	 hello 
 hello1	 hello1	 hello1	 hello1	 hello1
 hello1 	 hello1 	 hello1 	 hello1 	 hello1 
HELLO	HELLO	HELLO	HELLO	HELLO
HELLO 	HELLO 	HELLO 	HELLO 	HELLO 
HELLO1	HELLO1	HELLO1	HELLO1	HELLO1
HELLO1 	HELLO1 	HELLO1 	HELLO1 	HELLO1 
hello	hello	hello	hello	hello
hello 	hello 	hello 	hello 	hello 
hello1	hello1	hello1	hello1	hello1
hello1 	hello1 	hello1 	hello1 	hello1 
hello2 	hello2 	hello2 	hello2 	hello2 
SELECT * FROM t1 WHERE a = "hello";
a	b	c	d	e
hello	hello	hello	hello	hello
SELECT * FROM t1 WHERE a = "HELLO";
a	b	c	d	e
HELLO	HELLO	HELLO	HELLO	HELLO
SELECT * FROM t1 WHERE a = "hello ";
a	b	c	d	e
hello 	hello 	hello 	hello 	hello 
SELECT * FROM t1 WHERE a = "HELLO ";
a	b	c	d	e
HELLO 	HELLO 	HELLO 	HELLO 	HELLO 
SELECT * FROM t1 WHERE a = " hello";
a	b	c	d	e
 hello	 hello	 hello	 hello	 hello
SELECT * FROM t1 WHERE a = " HELLO";
a	b	c	d	e
 HELLO	 HELLO	 HELLO	 HELLO	 HELLO
SELECT * FROM t1 WHERE a = " hello ";
a	b	c	d	e
 hello 	 hello 	 hello 	 hello 	 hello 
SELECT * FROM t1 WHERE a = " HELLO ";
a	b	c	d	e
 HELLO 	 HELLO 	 HELLO 	 HELLO 	 HELLO 
SELECT * FROM t1 WHERE a = e;
a	b	c	d	e
 HELLO	 HELLO	 HELLO	 HELLO	 HELLO
 HELLO 	 HELLO 	 HELLO 	 HELLO 	 HELLO 
 HELLO1	 HELLO1	 HELLO1	 HELLO1	 HELLO1
 HELLO1 	 HELLO1 	 HELLO1 	 HELLO1 	 HELLO1 
 hello	 hello	 hello	 hello	 hello
 hello 	 hello 	 hello 	 hello 	 hello 
 hello1	 hello1	 hello1	 hello1	 hello1
 hello1 	 hello1 	 hello1 	 hello1 	 hello1 
HELLO	HELLO	HELLO	HELLO	HELLO
HELLO 	HELLO 	HELLO 	HELLO 	HELLO 
HELLO1	HELLO1	HELLO1	HELLO1	HELLO1
HELLO1 	HELLO1 	HELLO1 	HELLO1 	HELLO1 
hello	hello	hello	hello	hello
hello 	hello 	hello 	hello 	hello 
hello1	hello1	hello1	hello1	hello1
hello1 	hello1 	hello1 	hello1 	hello1 
hello2 	hello2 	hello2 	hello2 	hello2 
SELECT * FROM t1 WHERE a <=> "hello";
a	b	c	d	e
hello	hello	hello	hello	hello
SELECT * FROM t1 WHERE a <=> "HELLO";
a	b	c	d	e
HELLO	HELLO	HELLO	HELLO	HELLO
SELECT * FROM t1 WHERE a <=> "hello ";
a	b	c	d	e
hello 	hello 	hello 	hello 	hello 
SELECT * FROM t1 WHERE a <=> "HELLO ";
a	b	c	d	e
HELLO 	HELLO 	HELLO 	HELLO 	HELLO 
SELECT * FROM t1 WHERE a <=> " hello";
a	b	c	d	e
 hello	 hello	 hello	 hello	 hello
SELECT * FROM t1 WHERE a <=> " HELLO";
a	b	c	d	e
 HELLO	 HELLO	 HELLO	 HELLO	 HELLO
SELECT * FROM t1 WHERE a <=> " hello ";
a	b	c	d	e
 hello 	 hello 	 hello 	 hello 	 hello 
SELECT * FROM t1 WHERE a <=> " HELLO ";
a	b	c	d	e
 HELLO 	 HELLO 	 HELLO 	 HELLO 	 HELLO 
SELECT * FROM t1 WHERE a <=> e;
a	b	c	d	e
 HELLO	 HELLO	 HELLO	 HELLO	 HELLO
 HELLO 	 HELLO 	 HELLO 	 HELLO 	 HELLO 
 HELLO1	 HELLO1	 HELLO1	 HELLO1	 HELLO1
 HELLO1 	 HELLO1 	 HELLO1 	 HELLO1 	 HELLO1 
 hello	 hello	 hello	 hello	 hello
 hello 	 hello 	 hello 	 hello 	 hello 
 hello1	 hello1	 hello1	 hello1	 hello1
 hello1 	 hello1 	 hello1 	 hello1 	 hello1 
HELLO	HELLO	HELLO	HELLO	HELLO
HELLO 	HELLO 	HELLO 	HELLO 	HELLO 
HELLO1	HELLO1	HELLO1	HELLO1	HELLO1
HELLO1 	HELLO1 	HELLO1 	HELLO1 	HELLO1 
hello	hello	hello	hello	hello
hello 	hello 	hello 	hello 	hello 
hello1	hello1	hello1	hello1	hello1
hello1 	hello1 	hello1 	hello1 	hello1 
hello2 	hello2 	hello2 	hello2 	hello2 
SELECT * FROM t1 WHERE a IN ("hello", "hello1");
a	b	c	d	e
hello	hello	hello	hello	hello
hello1	hello1	hello1	hello1	hello1
SELECT * FROM t1 WHERE a IN ("HELLO", "HELLO1");
a	b	c	d	e
HELLO	HELLO	HELLO	HELLO	HELLO
HELLO1	HELLO1	HELLO1	HELLO1	HELLO1
SELECT * FROM t1 WHERE a IN ("hello ", "hello1 ");
a	b	c	d	e
hello 	hello 	hello 	hello 	hello 
hello1 	hello1 	hello1 	hello1 	hello1 
SELECT * FROM t1 WHERE a IN ("HELLO ", "HELLO1 ");
a	b	c	d	e
HELLO 	HELLO 	HELLO 	HELLO 	HELLO 
HELLO1 	HELLO1 	HELLO1 	HELLO1 	HELLO1 
SELECT * FROM t1 WHERE a IN (" hello", " hello1");
a	b	c	d	e
 hello	 hello	 hello	 hello	 hello
 hello1	 hello1	 hello1	 hello1	 hello1
SELECT * FROM t1 WHERE a IN (" HELLO ", " HELLO1 ");
a	b	c	d	e
 HELLO 	 HELLO 	 HELLO 	 HELLO 	 HELLO 
 HELLO1 	 HELLO1 	 HELLO1 	 HELLO1 	 HELLO1 
SELECT * FROM t1 WHERE a LIKE "%hello";
a	b	c	d	e
 hello	 hello	 hello	 hello	 hello
hello	hello	hello	hello	hello
SELECT * FROM t1 WHERE a LIKE "%HELLO";
a	b	c	d	e
 HELLO	 HELLO	 HELLO	 HELLO	 HELLO
HELLO	HELLO	HELLO	HELLO	HELLO
SELECT * FROM t1 WHERE a LIKE "hello%";
a	b	c	d	e
hello	hello	hello	hello	hello
hello 	hello 	hello 	hello 	hello 
hello1	hello1	hello1	hello1	hello1
hello1 	hello1 	hello1 	hello1 	hello1 
hello2 	hello2 	hello2 	hello2 	hello2 
SELECT * FROM t1 WHERE a LIKE "HELLO%";
a	b	c	d	e
HELLO	HELLO	HELLO	HELLO	HELLO
HELLO 	HELLO 	HELLO 	HELLO 	HELLO 
HELLO1	HELLO1	HELLO1	HELLO1	HELLO1
HELLO1 	HELLO1 	HELLO1 	HELLO1 	HELLO1 
SELECT * FROM t1 WHERE a LIKE "_hello";
a	b	c	d	e
 hello	 hello	 hello	 hello	 hello
SELECT * FROM t1 WHERE a LIKE "_HELLO";
a	b	c	d	e
 HELLO	 HELLO	 HELLO	 HELLO	 HELLO
SELECT * FROM t1 WHERE a LIKE "hello_";
a	b	c	d	e
hello 	hello 	hello 	hello 	hello 
hello1	hello1	hello1	hello1	hello1
SELECT * FROM t1 WHERE a LIKE "HELLO_";
a	b	c	d	e
HELLO 	HELLO 	HELLO 	HELLO 	HELLO 
HELLO1	HELLO1	HELLO1	HELLO1	HELLO1
SELECT * FROM t1 WHERE b IS NULL;
a	b	c	d	e
SELECT * FROM t1 WHERE b IS NOT NULL;
a	b	c	d	e
 HELLO	 HELLO	 HELLO	 HELLO	 HELLO
 HELLO 	 HELLO 	 HELLO 	 HELLO 	 HELLO 
 HELLO1	 HELLO1	 HELLO1	 HELLO1	 HELLO1
 HELLO1 	 HELLO1 	 HELLO1 	 HELLO1 	 HELLO1 
 hello	 hello	 hello	 hello	 hello
 hello 	 hello 	 hello 	 hello 	 hello 
 hello1	 hello1	 hello1	 hello1	 hello1
 hello1 	 hello1 	 hello1 	 hello1 	 hello1 
HELLO	HELLO	HELLO	HELLO	HELLO
HELLO 	HELLO 	HELLO 	HELLO 	HELLO 
HELLO1	HELLO1	HELLO1	HELLO1	HELLO1
HELLO1 	HELLO1 	HELLO1 	HELLO1 	HELLO1 
hello	hello	hello	hello	hello
hello 	hello 	hello 	hello 	hello 
hello1	hello1	hello1	hello1	hello1
hello1 	hello1 	hello1 	hello1 	hello1 
hello2 	hello2 	hello2 	hello2 	hello2 
SELECT * FROM t1 WHERE b = "hello";
a	b	c	d	e
hello	hello	hello	hello	hello
SELECT * FROM t1 WHERE b = "hello ";
a	b	c	d	e
hello 	hello 	hello 	hello 	hello 
SELECT * FROM t1 WHERE b = " hello";
a	b	c	d	e
 hello	 hello	 hello	 hello	 hello
SELECT * FROM t1 WHERE b = " hello ";
a	b	c	d	e
 hello 	 hello 	 hello 	 hello 	 hello 
SELECT * FROM t1 WHERE b = " HELLO ";
a	b	c	d	e
 HELLO 	 HELLO 	 HELLO 	 HELLO 	 HELLO 
SELECT * FROM t1 WHERE b = e;
a	b	c	d	e
 HELLO	 HELLO	 HELLO	 HELLO	 HELLO
 HELLO 	 HELLO 	 HELLO 	 HELLO 	 HELLO 
 HELLO1	 HELLO1	 HELLO1	 HELLO1	 HELLO1
 HELLO1 	 HELLO1 	 HELLO1 	 HELLO1 	 HELLO1 
 hello	 hello	 hello	 hello	 hello
 hello 	 hello 	 hello 	 hello 	 hello 
 hello1	 hello1	 hello1	 hello1	 hello1
 hello1 	 hello1 	 hello1 	 hello1 	 hello1 
HELLO	HELLO	HELLO	HELLO	HELLO
HELLO 	HELLO 	HELLO 	HELLO 	HELLO 
HELLO1	HELLO1	HELLO1	HELLO1	HELLO1
HELLO1 	HELLO1 	HELLO1 	HELLO1 	HELLO1 
hello	hello	hello	hello	hello
hello 	hello 	hello 	hello 	hello 
hello1	hello1	hello1	hello1	hello1
hello1 	hello1 	hello1 	hello1 	hello1 
hello2 	hello2 	hello2 	hello2 	hello2 
SELECT * FROM t1 WHERE b <=> "hello";
a	b	c	d	e
hello	hello	hello	hello	hello
SELECT * FROM t1 WHERE b <=> "hello ";
a	b	c	d	e
hello 	hello 	hello 	hello 	hello 
SELECT * FROM t1 WHERE b <=> " hello";
a	b	c	d	e
 hello	 hello	 hello	 hello	 hello
SELECT * FROM t1 WHERE b <=> " hello ";
a	b	c	d	e
 hello 	 hello 	 hello 	 hello 	 hello 
SELECT * FROM t1 WHERE b <=> " HELLO ";
a	b	c	d	e
 HELLO 	 HELLO 	 HELLO 	 HELLO 	 HELLO 
SELECT * FROM t1 WHERE b <=> e;
a	b	c	d	e
 HELLO	 HELLO	 HELLO	 HELLO	 HELLO
 HELLO 	 HELLO 	 HELLO 	 HELLO 	 HELLO 
 HELLO1	 HELLO1	 HELLO1	 HELLO1	 HELLO1
 HELLO1 	 HELLO1 	 HELLO1 	 HELLO1 	 HELLO1 
 hello	 hello	 hello	 hello	 hello
 hello 	 hello 	 hello 	 hello 	 hello 
 hello1	 hello1	 hello1	 hello1	 hello1
 hello1 	 hello1 	 hello1 	 hello1 	 hello1 
HELLO	HELLO	HELLO	HELLO	HELLO
HELLO 	HELLO 	HELLO 	HELLO 	HELLO 
HELLO1	HELLO1	HELLO1	HELLO1	HELLO1
HELLO1 	HELLO1 	HELLO1 	HELLO1 	HELLO1 
hello	hello	hello	hello	hello
hello 	hello 	hello 	hello 	hello 
hello1	hello1	hello1	hello1	hello1
hello1 	hello1 	hello1 	hello1 	hello1 
hello2 	hello2 	hello2 	hello2 	hello2 
SELECT * FROM t1 WHERE b IN ("hello", "hello1");
a	b	c	d	e
hello	hello	hello	hello	hello
hello1	hello1	hello1	hello1	hello1
SELECT * FROM t1 WHERE b IN ("HELLO", "HELLO1");
a	b	c	d	e
HELLO	HELLO	HELLO	HELLO	HELLO
HELLO1	HELLO1	HELLO1	HELLO1	HELLO1
SELECT * FROM t1 WHERE b IN (" hello", " hello1");
a	b	c	d	e
 hello	 hello	 hello	 hello	 hello
 hello1	 hello1	 hello1	 hello1	 hello1
SELECT * FROM t1 WHERE b IN (" HELLO ", " HELLO1 ");
a	b	c	d	e
 HELLO 	 HELLO 	 HELLO 	 HELLO 	 HELLO 
 HELLO1 	 HELLO1 	 HELLO1 	 HELLO1 	 HELLO1 
SELECT * FROM t1 WHERE b LIKE "%hello";
a	b	c	d	e
 hello	 hello	 hello	 hello	 hello
hello	hello	hello	hello	hello
SELECT * FROM t1 WHERE b LIKE "%HELLO";
a	b	c	d	e
 HELLO	 HELLO	 HELLO	 HELLO	 HELLO
HELLO	HELLO	HELLO	HELLO	HELLO
SELECT * FROM t1 WHERE b LIKE "hello%";
a	b	c	d	e
hello	hello	hello	hello	hello
hello 	hello 	hello 	hello 	hello 
hello1	hello1	hello1	hello1	hello1
hello1 	hello1 	hello1 	hello1 	hello1 
hello2 	hello2 	hello2 	hello2 	hello2 
SELECT * FROM t1 WHERE b LIKE "HELLO%";
a	b	c	d	e
HELLO	HELLO	HELLO	HELLO	HELLO
HELLO 	HELLO 	HELLO 	HELLO 	HELLO 
HELLO1	HELLO1	HELLO1	HELLO1	HELLO1
HELLO1 	HELLO1 	HELLO1 	HELLO1 	HELLO1 
SELECT * FROM t1 WHERE b LIKE "_hello";
a	b	c	d	e
 hello	 hello	 hello	 hello	 hello
SELECT * FROM t1 WHERE b LIKE "_HELLO";
a	b	c	d	e
 HELLO	 HELLO	 HELLO	 HELLO	 HELLO
SELECT * FROM t1 WHERE b LIKE "hello_";
a	b	c	d	e
hello 	hello 	hello 	hello 	hello 
hello1	hello1	hello1	hello1	hello1
SELECT * FROM t1 WHERE b LIKE "HELLO_";
a	b	c	d	e
HELLO 	HELLO 	HELLO 	HELLO 	HELLO 
HELLO1	HELLO1	HELLO1	HELLO1	HELLO1
SELECT * FROM t1 WHERE c IS NULL;
a	b	c	d	e
SELECT * FROM t1 WHERE c IS NOT NULL;
a	b	c	d	e
 HELLO	 HELLO	 HELLO	 HELLO	 HELLO
 HELLO 	 HELLO 	 HELLO 	 HELLO 	 HELLO 
 HELLO1	 HELLO1	 HELLO1	 HELLO1	 HELLO1
 HELLO1 	 HELLO1 	 HELLO1 	 HELLO1 	 HELLO1 
 hello	 hello	 hello	 hello	 hello
 hello 	 hello 	 hello 	 hello 	 hello 
 hello1	 hello1	 hello1	 hello1	 hello1
 hello1 	 hello1 	 hello1 	 hello1 	 hello1 
HELLO	HELLO	HELLO	HELLO	HELLO
HELLO 	HELLO 	HELLO 	HELLO 	HELLO 
HELLO1	HELLO1	HELLO1	HELLO1	HELLO1
HELLO1 	HELLO1 	HELLO1 	HELLO1 	HELLO1 
hello	hello	hello	hello	hello
hello 	hello 	hello 	hello 	hello 
hello1	hello1	hello1	hello1	hello1
hello1 	hello1 	hello1 	hello1 	hello1 
hello2 	hello2 	hello2 	hello2 	hello2 
SELECT * FROM t1 WHERE c = "hello";
a	b	c	d	e
hello	hello	hello	hello	hello
SELECT * FROM t1 WHERE c = "hello ";
a	b	c	d	e
hello 	hello 	hello 	hello 	hello 
SELECT * FROM t1 WHERE c = " hello";
a	b	c	d	e
 hello	 hello	 hello	 hello	 hello
SELECT * FROM t1 WHERE c = " hello ";
a	b	c	d	e
 hello 	 hello 	 hello 	 hello 	 hello 
SELECT * FROM t1 WHERE c = " HELLO ";
a	b	c	d	e
 HELLO 	 HELLO 	 HELLO 	 HELLO 	 HELLO 
SELECT * FROM t1 WHERE c = e;
a	b	c	d	e
 HELLO	 HELLO	 HELLO	 HELLO	 HELLO
 HELLO 	 HELLO 	 HELLO 	 HELLO 	 HELLO 
 HELLO1	 HELLO1	 HELLO1	 HELLO1	 HELLO1
 HELLO1 	 HELLO1 	 HELLO1 	 HELLO1 	 HELLO1 
 hello	 hello	 hello	 hello	 hello
 hello 	 hello 	 hello 	 hello 	 hello 
 hello1	 hello1	 hello1	 hello1	 hello1
 hello1 	 hello1 	 hello1 	 hello1 	 hello1 
HELLO	HELLO	HELLO	HELLO	HELLO
HELLO 	HELLO 	HELLO 	HELLO 	HELLO 
HELLO1	HELLO1	HELLO1	HELLO1	HELLO1
HELLO1 	HELLO1 	HELLO1 	HELLO1 	HELLO1 
hello	hello	hello	hello	hello
hello 	hello 	hello 	hello 	hello 
hello1	hello1	hello1	hello1	hello1
hello1 	hello1 	hello1 	hello1 	hello1 
hello2 	hello2 	hello2 	hello2 	hello2 
SELECT * FROM t1 WHERE c <=> "hello";
a	b	c	d	e
hello	hello	hello	hello	hello
SELECT * FROM t1 WHERE c <=> "hello ";
a	b	c	d	e
hello 	hello 	hello 	hello 	hello 
SELECT * FROM t1 WHERE c <=> " hello";
a	b	c	d	e
 hello	 hello	 hello	 hello	 hello
SELECT * FROM t1 WHERE c <=> " hello ";
a	b	c	d	e
 hello 	 hello 	 hello 	 hello 	 hello 
SELECT * FROM t1 WHERE c <=> " HELLO ";
a	b	c	d	e
 HELLO 	 HELLO 	 HELLO 	 HELLO 	 HELLO 
SELECT * FROM t1 WHERE c <=> e;
a	b	c	d	e
 HELLO	 HELLO	 HELLO	 HELLO	 HELLO
 HELLO 	 HELLO 	 HELLO 	 HELLO 	 HELLO 
 HELLO1	 HELLO1	 HELLO1	 HELLO1	 HELLO1
 HELLO1 	 HELLO1 	 HELLO1 	 HELLO1 	 HELLO1 
 hello	 hello	 hello	 hello	 hello
 hello 	 hello 	 hello 	 hello 	 hello 
 hello1	 hello1	 hello1	 hello1	 hello1
 hello1 	 hello1 	 hello1 	 hello1 	 hello1 
HELLO	HELLO	HELLO	HELLO	HELLO
HELLO 	HELLO 	HELLO 	HELLO 	HELLO 
HELLO1	HELLO1	HELLO1	HELLO1	HELLO1
HELLO1 	HELLO1 	HELLO1 	HELLO1 	HELLO1 
hello	hello	hello	hello	hello
hello 	hello 	hello 	hello 	hello 
hello1	hello1	hello1	hello1	hello1
hello1 	hello1 	hello1 	hello1 	hello1 
hello2 	hello2 	hello2 	hello2 	hello2 
SELECT * FROM t1 WHERE c IN ("hello", "hello1");
a	b	c	d	e
hello	hello	hello	hello	hello
hello1	hello1	hello1	hello1	hello1
SELECT * FROM t1 WHERE c IN ("HELLO", "HELLO1");
a	b	c	d	e
HELLO	HELLO	HELLO	HELLO	HELLO
HELLO1	HELLO1	HELLO1	HELLO1	HELLO1
SELECT * FROM t1 WHERE c IN (" hello", " hello1");
a	b	c	d	e
 hello	 hello	 hello	 hello	 hello
 hello1	 hello1	 hello1	 hello1	 hello1
SELECT * FROM t1 WHERE c IN (" HELLO ", " HELLO1 ");
a	b	c	d	e
 HELLO 	 HELLO 	 HELLO 	 HELLO 	 HELLO 
 HELLO1 	 HELLO1 	 HELLO1 	 HELLO1 	 HELLO1 
SELECT * FROM t1 WHERE c LIKE "%hello";
a	b	c	d	e
 hello	 hello	 hello	 hello	 hello
hello	hello	hello	hello	hello
SELECT * FROM t1 WHERE c LIKE "%HELLO";
a	b	c	d	e
 HELLO	 HELLO	 HELLO	 HELLO	 HELLO
HELLO	HELLO	HELLO	HELLO	HELLO
SELECT * FROM t1 WHERE c LIKE "hello%";
a	b	c	d	e
hello	hello	hello	hello	hello
hello 	hello 	hello 	hello 	hello 
hello1	hello1	hello1	hello1	hello1
hello1 	hello1 	hello1 	hello1 	hello1 
hello2 	hello2 	hello2 	hello2 	hello2 
SELECT * FROM t1 WHERE c LIKE "HELLO%";
a	b	c	d	e
HELLO	HELLO	HELLO	HELLO	HELLO
HELLO 	HELLO 	HELLO 	HELLO 	HELLO 
HELLO1	HELLO1	HELLO1	HELLO1	HELLO1
HELLO1 	HELLO1 	HELLO1 	HELLO1 	HELLO1 
SELECT * FROM t1 WHERE c LIKE "_hello";
a	b	c	d	e
 hello	 hello	 hello	 hello	 hello
SELECT * FROM t1 WHERE c LIKE "_HELLO";
a	b	c	d	e
 HELLO	 HELLO	 HELLO	 HELLO	 HELLO
SELECT * FROM t1 WHERE c LIKE "hello_";
a	b	c	d	e
hello 	hello 	hello 	hello 	hello 
hello1	hello1	hello1	hello1	hello1
SELECT * FROM t1 WHERE c LIKE "HELLO_";
a	b	c	d	e
HELLO 	HELLO 	HELLO 	HELLO 	HELLO 
HELLO1	HELLO1	HELLO1	HELLO1	HELLO1
SELECT * FROM t1 WHERE d IS NULL;
a	b	c	d	e
SELECT * FROM t1 WHERE d IS NOT NULL;
a	b	c	d	e
 HELLO	 HELLO	 HELLO	 HELLO	 HELLO
 HELLO 	 HELLO 	 HELLO 	 HELLO 	 HELLO 
 HELLO1	 HELLO1	 HELLO1	 HELLO1	 HELLO1
 HELLO1 	 HELLO1 	 HELLO1 	 HELLO1 	 HELLO1 
 hello	 hello	 hello	 hello	 hello
 hello 	 hello 	 hello 	 hello 	 hello 
 hello1	 hello1	 hello1	 hello1	 hello1
 hello1 	 hello1 	 hello1 	 hello1 	 hello1 
HELLO	HELLO	HELLO	HELLO	HELLO
HELLO 	HELLO 	HELLO 	HELLO 	HELLO 
HELLO1	HELLO1	HELLO1	HELLO1	HELLO1
HELLO1 	HELLO1 	HELLO1 	HELLO1 	HELLO1 
hello	hello	hello	hello	hello
hello 	hello 	hello 	hello 	hello 
hello1	hello1	hello1	hello1	hello1
hello1 	hello1 	hello1 	hello1 	hello1 
hello2 	hello2 	hello2 	hello2 	hello2 
SELECT * FROM t1 WHERE d = "hello";
a	b	c	d	e
hello	hello	hello	hello	hello
SELECT * FROM t1 WHERE d = "hello ";
a	b	c	d	e
hello 	hello 	hello 	hello 	hello 
SELECT * FROM t1 WHERE d = " hello";
a	b	c	d	e
 hello	 hello	 hello	 hello	 hello
SELECT * FROM t1 WHERE d = " hello ";
a	b	c	d	e
 hello 	 hello 	 hello 	 hello 	 hello 
SELECT * FROM t1 WHERE d = " HELLO ";
a	b	c	d	e
 HELLO 	 HELLO 	 HELLO 	 HELLO 	 HELLO 
SELECT * FROM t1 WHERE d <=> "hello";
a	b	c	d	e
hello	hello	hello	hello	hello
SELECT * FROM t1 WHERE d <=> "hello ";
a	b	c	d	e
hello 	hello 	hello 	hello 	hello 
SELECT * FROM t1 WHERE d <=> " hello";
a	b	c	d	e
 hello	 hello	 hello	 hello	 hello
SELECT * FROM t1 WHERE d <=> " hello ";
a	b	c	d	e
 hello 	 hello 	 hello 	 hello 	 hello 
SELECT * FROM t1 WHERE d <=> " HELLO ";
a	b	c	d	e
 HELLO 	 HELLO 	 HELLO 	 HELLO 	 HELLO 
SELECT * FROM t1 WHERE d IN ("hello", "hello1");
a	b	c	d	e
hello	hello	hello	hello	hello
hello1	hello1	hello1	hello1	hello1
SELECT * FROM t1 WHERE d IN ("HELLO", "HELLO1");
a	b	c	d	e
HELLO	HELLO	HELLO	HELLO	HELLO
HELLO1	HELLO1	HELLO1	HELLO1	HELLO1
SELECT * FROM t1 WHERE d IN (" hello", " hello1");
a	b	c	d	e
 hello	 hello	 hello	 hello	 hello
 hello1	 hello1	 hello1	 hello1	 hello1
SELECT * FROM t1 WHERE d IN (" HELLO ", " HELLO1 ");
a	b	c	d	e
 HELLO 	 HELLO 	 HELLO 	 HELLO 	 HELLO 
 HELLO1 	 HELLO1 	 HELLO1 	 HELLO1 	 HELLO1 
SELECT * FROM t1 WHERE d LIKE "%hello";
a	b	c	d	e
 hello	 hello	 hello	 hello	 hello
hello	hello	hello	hello	hello
SELECT * FROM t1 WHERE d LIKE "%HELLO";
a	b	c	d	e
 HELLO	 HELLO	 HELLO	 HELLO	 HELLO
HELLO	HELLO	HELLO	HELLO	HELLO
SELECT * FROM t1 WHERE d LIKE "hello%";
a	b	c	d	e
hello	hello	hello	hello	hello
hello 	hello 	hello 	hello 	hello 
hello1	hello1	hello1	hello1	hello1
hello1 	hello1 	hello1 	hello1 	hello1 
hello2 	hello2 	hello2 	hello2 	hello2 
SELECT * FROM t1 WHERE d LIKE "HELLO%";
a	b	c	d	e
HELLO	HELLO	HELLO	HELLO	HELLO
HELLO 	HELLO 	HELLO 	HELLO 	HELLO 
HELLO1	HELLO1	HELLO1	HELLO1	HELLO1
HELLO1 	HELLO1 	HELLO1 	HELLO1 	HELLO1 
SELECT * FROM t1 WHERE d LIKE "_hello";
a	b	c	d	e
 hello	 hello	 hello	 hello	 hello
SELECT * FROM t1 WHERE d LIKE "_HELLO";
a	b	c	d	e
 HELLO	 HELLO	 HELLO	 HELLO	 HELLO
SELECT * FROM t1 WHERE d LIKE "hello_";
a	b	c	d	e
hello 	hello 	hello 	hello 	hello 
hello1	hello1	hello1	hello1	hello1
SELECT * FROM t1 WHERE d LIKE "HELLO_";
a	b	c	d	e
HELLO 	HELLO 	HELLO 	HELLO 	HELLO 
HELLO1	HELLO1	HELLO1	HELLO1	HELLO1
DROP TABLE t1;
CREATE TABLE t1(a tinytext, b mediumtext, c text, d longtext);
CREATE INDEX a ON t1(a(3));
CREATE INDEX b ON t1(b(3));
CREATE INDEX c ON t1(c(3));
CREATE INDEX d ON t1(d(3));
INSERT INTO t1 VALUES ("abcd", "abcd", "abcd", "abcd");
INSERT INTO t1 VALUES ("ABCD", "ABCD", "ABCD", "ABCD");
INSERT INTO t1 VALUES ("hello", "hello", "hello", "hello");
INSERT INTO t1 VALUES ("HELLO", "HELLO", "HELLO", "HELLO");
INSERT INTO t1 VALUES ("12345", "12345", "12345", "12345");
INSERT INTO t1 VALUES ("str", " str", " str", " str");
INSERT INTO t1 VALUES (" abc", " abc", " abc", " abc");
INSERT INTO t1 VALUES ("abc ", "abc ", "abc ", "abc ");
INSERT INTO t1 VALUES ("a", "a", "a", "a");
SELECT * FROM t1 WHERE a = "ABCD";
a	b	c	d
ABCD	ABCD	ABCD	ABCD
SELECT * FROM t1 WHERE a >= "ab";
a	b	c	d
abc 	abc 	abc 	abc 
abcd	abcd	abcd	abcd
hello	hello	hello	hello
str	 str	 str	 str
SELECT * FROM t1 WHERE a < "str" ORDER BY a LIMIT 3 OFFSET 2;
a	b	c	d
a	a	a	a
abc 	abc 	abc 	abc 
abcd	abcd	abcd	abcd
SELECT * FROM t1 WHERE b = "ABCD";
a	b	c	d
ABCD	ABCD	ABCD	ABCD
SELECT * FROM t1 WHERE b >= "ab";
a	b	c	d
abc 	abc 	abc 	abc 
abcd	abcd	abcd	abcd
hello	hello	hello	hello
SELECT * FROM t1 WHERE b < "str" ORDER BY b LIMIT 3 OFFSET 2;
a	b	c	d
12345	12345	12345	12345
a	a	a	a
abc 	abc 	abc 	abc 
SELECT * FROM t1 WHERE c = "ABCD";
a	b	c	d
ABCD	ABCD	ABCD	ABCD
SELECT * FROM t1 WHERE c >= "ab";
a	b	c	d
abc 	abc 	abc 	abc 
abcd	abcd	abcd	abcd
hello	hello	hello	hello
SELECT * FROM t1 WHERE c < "str" ORDER BY c LIMIT 3 OFFSET 2;
a	b	c	d
12345	12345	12345	12345
a	a	a	a
abc 	abc 	abc 	abc 
SELECT * FROM t1 WHERE d = "ABCD";
a	b	c	d
ABCD	ABCD	ABCD	ABCD
SELECT * FROM t1 WHERE d >= "ab";
a	b	c	d
abc 	abc 	abc 	abc 
abcd	abcd	abcd	abcd
hello	hello	hello	hello
SELECT * FROM t1 WHERE d < "str" ORDER BY d LIMIT 3 OFFSET 2;
a	b	c	d
12345	12345	12345	12345
a	a	a	a
abc 	abc 	abc 	abc 
DROP TABLE t1;
CREATE TABLE t1(a varchar(127), b varchar(127));
INSERT INTO t1 VALUES ("hello", "hello");
INSERT INTO t1 VALUES ("HELLO", "HELLO");
INSERT INTO t1 VALUES ("hello ", "hello ");
INSERT INTO t1 VALUES ("HELLO ", "HELLO ");
INSERT INTO t1 VALUES (" hello", " hello");
INSERT INTO t1 VALUES (" HELLO", " HELLO");
INSERT INTO t1 VALUES (" hello ", " hello ");
INSERT INTO t1 VALUES (" HELLO ", " HELLO ");
INSERT INTO t1 VALUES ("hello1", "hello1");
INSERT INTO t1 VALUES ("HELLO1", "HELLO1");
INSERT INTO t1 VALUES ("hello1 ", "hello1 ");
INSERT INTO t1 VALUES ("HELLO1 ", "HELLO1 ");
INSERT INTO t1 VALUES (" hello1", " hello1");
INSERT INTO t1 VALUES (" HELLO1", " HELLO1");
INSERT INTO t1 VALUES (" hello1 ", " hello1 ");
INSERT INTO t1 VALUES (" HELLO1 ", " HELLO1 ");
INSERT INTO t1 VALUES ("hello2 ", "hello2 ");
INSERT INTO t1 VALUES (REPEAT('a', 127), REPEAT('a', 127));
INSERT INTO t1 VALUES (REPEAT('A', 127), REPEAT('A', 127));
SELECT * FROM t1 WHERE a IS NULL;
a	b
SELECT * FROM t1 WHERE a IS NOT NULL;
a	b
 HELLO	 HELLO
 HELLO 	 HELLO 
 HELLO1	 HELLO1
 HELLO1 	 HELLO1 
 hello	 hello
 hello 	 hello 
 hello1	 hello1
 hello1 	 hello1 
AAAAAAAAAAAAAAAAAAAAAAAAAAAAAAAAAAAAAAAAAAAAAAAAAAAAAAAAAAAAAAAAAAAAAAAAAAAAAAAAAAAAAAAAAAAAAAAAAAAAAAAAAAAAAAAAAAAAAAAAAAAAAAA	AAAAAAAAAAAAAAAAAAAAAAAAAAAAAAAAAAAAAAAAAAAAAAAAAAAAAAAAAAAAAAAAAAAAAAAAAAAAAAAAAAAAAAAAAAAAAAAAAAAAAAAAAAAAAAAAAAAAAAAAAAAAAAA
HELLO	HELLO
HELLO 	HELLO 
HELLO1	HELLO1
HELLO1 	HELLO1 
aaaaaaaaaaaaaaaaaaaaaaaaaaaaaaaaaaaaaaaaaaaaaaaaaaaaaaaaaaaaaaaaaaaaaaaaaaaaaaaaaaaaaaaaaaaaaaaaaaaaaaaaaaaaaaaaaaaaaaaaaaaaaaa	aaaaaaaaaaaaaaaaaaaaaaaaaaaaaaaaaaaaaaaaaaaaaaaaaaaaaaaaaaaaaaaaaaaaaaaaaaaaaaaaaaaaaaaaaaaaaaaaaaaaaaaaaaaaaaaaaaaaaaaaaaaaaaa
hello	hello
hello 	hello 
hello1	hello1
hello1 	hello1 
hello2 	hello2 
SELECT * FROM t1 WHERE a = "hello";
a	b
hello	hello
SELECT * FROM t1 WHERE a = "hello ";
a	b
hello 	hello 
SELECT * FROM t1 WHERE a = " hello";
a	b
 hello	 hello
SELECT * FROM t1 WHERE a = " hello ";
a	b
 hello 	 hello 
SELECT * FROM t1 WHERE a = " HELLO ";
a	b
 HELLO 	 HELLO 
SELECT * FROM t1 WHERE a = b;
a	b
 HELLO	 HELLO
 HELLO 	 HELLO 
 HELLO1	 HELLO1
 HELLO1 	 HELLO1 
 hello	 hello
 hello 	 hello 
 hello1	 hello1
 hello1 	 hello1 
AAAAAAAAAAAAAAAAAAAAAAAAAAAAAAAAAAAAAAAAAAAAAAAAAAAAAAAAAAAAAAAAAAAAAAAAAAAAAAAAAAAAAAAAAAAAAAAAAAAAAAAAAAAAAAAAAAAAAAAAAAAAAAA	AAAAAAAAAAAAAAAAAAAAAAAAAAAAAAAAAAAAAAAAAAAAAAAAAAAAAAAAAAAAAAAAAAAAAAAAAAAAAAAAAAAAAAAAAAAAAAAAAAAAAAAAAAAAAAAAAAAAAAAAAAAAAAA
HELLO	HELLO
HELLO 	HELLO 
HELLO1	HELLO1
HELLO1 	HELLO1 
aaaaaaaaaaaaaaaaaaaaaaaaaaaaaaaaaaaaaaaaaaaaaaaaaaaaaaaaaaaaaaaaaaaaaaaaaaaaaaaaaaaaaaaaaaaaaaaaaaaaaaaaaaaaaaaaaaaaaaaaaaaaaaa	aaaaaaaaaaaaaaaaaaaaaaaaaaaaaaaaaaaaaaaaaaaaaaaaaaaaaaaaaaaaaaaaaaaaaaaaaaaaaaaaaaaaaaaaaaaaaaaaaaaaaaaaaaaaaaaaaaaaaaaaaaaaaaa
hello	hello
hello 	hello 
hello1	hello1
hello1 	hello1 
hello2 	hello2 
SELECT * FROM t1 WHERE a <=> "hello";
a	b
hello	hello
SELECT * FROM t1 WHERE a <=> "hello ";
a	b
hello 	hello 
SELECT * FROM t1 WHERE a <=> " hello";
a	b
 hello	 hello
SELECT * FROM t1 WHERE a <=> " hello ";
a	b
 hello 	 hello 
SELECT * FROM t1 WHERE a <=> " HELLO ";
a	b
 HELLO 	 HELLO 
SELECT * FROM t1 WHERE a <=> REPEAT('A', 127);
a	b
AAAAAAAAAAAAAAAAAAAAAAAAAAAAAAAAAAAAAAAAAAAAAAAAAAAAAAAAAAAAAAAAAAAAAAAAAAAAAAAAAAAAAAAAAAAAAAAAAAAAAAAAAAAAAAAAAAAAAAAAAAAAAAA	AAAAAAAAAAAAAAAAAAAAAAAAAAAAAAAAAAAAAAAAAAAAAAAAAAAAAAAAAAAAAAAAAAAAAAAAAAAAAAAAAAAAAAAAAAAAAAAAAAAAAAAAAAAAAAAAAAAAAAAAAAAAAAA
SELECT * FROM t1 WHERE a <=> REPEAT('a', 256);
a	b
SELECT * FROM t1 WHERE a <=> b;
a	b
 HELLO	 HELLO
 HELLO 	 HELLO 
 HELLO1	 HELLO1
 HELLO1 	 HELLO1 
 hello	 hello
 hello 	 hello 
 hello1	 hello1
 hello1 	 hello1 
AAAAAAAAAAAAAAAAAAAAAAAAAAAAAAAAAAAAAAAAAAAAAAAAAAAAAAAAAAAAAAAAAAAAAAAAAAAAAAAAAAAAAAAAAAAAAAAAAAAAAAAAAAAAAAAAAAAAAAAAAAAAAAA	AAAAAAAAAAAAAAAAAAAAAAAAAAAAAAAAAAAAAAAAAAAAAAAAAAAAAAAAAAAAAAAAAAAAAAAAAAAAAAAAAAAAAAAAAAAAAAAAAAAAAAAAAAAAAAAAAAAAAAAAAAAAAAA
HELLO	HELLO
HELLO 	HELLO 
HELLO1	HELLO1
HELLO1 	HELLO1 
aaaaaaaaaaaaaaaaaaaaaaaaaaaaaaaaaaaaaaaaaaaaaaaaaaaaaaaaaaaaaaaaaaaaaaaaaaaaaaaaaaaaaaaaaaaaaaaaaaaaaaaaaaaaaaaaaaaaaaaaaaaaaaa	aaaaaaaaaaaaaaaaaaaaaaaaaaaaaaaaaaaaaaaaaaaaaaaaaaaaaaaaaaaaaaaaaaaaaaaaaaaaaaaaaaaaaaaaaaaaaaaaaaaaaaaaaaaaaaaaaaaaaaaaaaaaaaa
hello	hello
hello 	hello 
hello1	hello1
hello1 	hello1 
hello2 	hello2 
SELECT * FROM t1 WHERE a IN ("hello", "hello1");
a	b
hello	hello
hello1	hello1
SELECT * FROM t1 WHERE a IN ("HELLO", "HELLO1");
a	b
HELLO	HELLO
HELLO1	HELLO1
SELECT * FROM t1 WHERE a IN (" hello", " hello1");
a	b
 hello	 hello
 hello1	 hello1
SELECT * FROM t1 WHERE a IN (" HELLO ", " HELLO1 ");
a	b
 HELLO 	 HELLO 
 HELLO1 	 HELLO1 
SELECT * FROM t1 WHERE a LIKE "%hello";
a	b
 hello	 hello
hello	hello
SELECT * FROM t1 WHERE a LIKE "%HELLO";
a	b
 HELLO	 HELLO
HELLO	HELLO
SELECT * FROM t1 WHERE a LIKE "hello%";
a	b
hello	hello
hello 	hello 
hello1	hello1
hello1 	hello1 
hello2 	hello2 
SELECT * FROM t1 WHERE a LIKE "HELLO%";
a	b
HELLO	HELLO
HELLO 	HELLO 
HELLO1	HELLO1
HELLO1 	HELLO1 
SELECT * FROM t1 WHERE a LIKE "_hello";
a	b
 hello	 hello
SELECT * FROM t1 WHERE a LIKE "_HELLO";
a	b
 HELLO	 HELLO
SELECT * FROM t1 WHERE a LIKE "hello_";
a	b
hello 	hello 
hello1	hello1
SELECT * FROM t1 WHERE a LIKE "HELLO_";
a	b
HELLO 	HELLO 
HELLO1	HELLO1
CREATE INDEX a ON t1(a(16));
CREATE INDEX b ON t1(b(16));
SELECT * FROM t1 WHERE a IS NULL;
a	b
SELECT * FROM t1 WHERE a IS NOT NULL;
a	b
 HELLO	 HELLO
 HELLO 	 HELLO 
 HELLO1	 HELLO1
 HELLO1 	 HELLO1 
 hello	 hello
 hello 	 hello 
 hello1	 hello1
 hello1 	 hello1 
AAAAAAAAAAAAAAAAAAAAAAAAAAAAAAAAAAAAAAAAAAAAAAAAAAAAAAAAAAAAAAAAAAAAAAAAAAAAAAAAAAAAAAAAAAAAAAAAAAAAAAAAAAAAAAAAAAAAAAAAAAAAAAA	AAAAAAAAAAAAAAAAAAAAAAAAAAAAAAAAAAAAAAAAAAAAAAAAAAAAAAAAAAAAAAAAAAAAAAAAAAAAAAAAAAAAAAAAAAAAAAAAAAAAAAAAAAAAAAAAAAAAAAAAAAAAAAA
HELLO	HELLO
HELLO 	HELLO 
HELLO1	HELLO1
HELLO1 	HELLO1 
aaaaaaaaaaaaaaaaaaaaaaaaaaaaaaaaaaaaaaaaaaaaaaaaaaaaaaaaaaaaaaaaaaaaaaaaaaaaaaaaaaaaaaaaaaaaaaaaaaaaaaaaaaaaaaaaaaaaaaaaaaaaaaa	aaaaaaaaaaaaaaaaaaaaaaaaaaaaaaaaaaaaaaaaaaaaaaaaaaaaaaaaaaaaaaaaaaaaaaaaaaaaaaaaaaaaaaaaaaaaaaaaaaaaaaaaaaaaaaaaaaaaaaaaaaaaaaa
hello	hello
hello 	hello 
hello1	hello1
hello1 	hello1 
hello2 	hello2 
SELECT * FROM t1 WHERE a = "hello";
a	b
hello	hello
SELECT * FROM t1 WHERE a = "hello ";
a	b
hello 	hello 
SELECT * FROM t1 WHERE a = " hello";
a	b
 hello	 hello
SELECT * FROM t1 WHERE a = " hello ";
a	b
 hello 	 hello 
SELECT * FROM t1 WHERE a = " HELLO ";
a	b
 HELLO 	 HELLO 
SELECT * FROM t1 WHERE a <=> REPEAT('A', 127);
a	b
AAAAAAAAAAAAAAAAAAAAAAAAAAAAAAAAAAAAAAAAAAAAAAAAAAAAAAAAAAAAAAAAAAAAAAAAAAAAAAAAAAAAAAAAAAAAAAAAAAAAAAAAAAAAAAAAAAAAAAAAAAAAAAA	AAAAAAAAAAAAAAAAAAAAAAAAAAAAAAAAAAAAAAAAAAAAAAAAAAAAAAAAAAAAAAAAAAAAAAAAAAAAAAAAAAAAAAAAAAAAAAAAAAAAAAAAAAAAAAAAAAAAAAAAAAAAAAA
SELECT * FROM t1 WHERE a <=> REPEAT('a', 256);
a	b
SELECT * FROM t1 WHERE a = b;
a	b
 HELLO	 HELLO
 HELLO 	 HELLO 
 HELLO1	 HELLO1
 HELLO1 	 HELLO1 
 hello	 hello
 hello 	 hello 
 hello1	 hello1
 hello1 	 hello1 
AAAAAAAAAAAAAAAAAAAAAAAAAAAAAAAAAAAAAAAAAAAAAAAAAAAAAAAAAAAAAAAAAAAAAAAAAAAAAAAAAAAAAAAAAAAAAAAAAAAAAAAAAAAAAAAAAAAAAAAAAAAAAAA	AAAAAAAAAAAAAAAAAAAAAAAAAAAAAAAAAAAAAAAAAAAAAAAAAAAAAAAAAAAAAAAAAAAAAAAAAAAAAAAAAAAAAAAAAAAAAAAAAAAAAAAAAAAAAAAAAAAAAAAAAAAAAAA
HELLO	HELLO
HELLO 	HELLO 
HELLO1	HELLO1
HELLO1 	HELLO1 
aaaaaaaaaaaaaaaaaaaaaaaaaaaaaaaaaaaaaaaaaaaaaaaaaaaaaaaaaaaaaaaaaaaaaaaaaaaaaaaaaaaaaaaaaaaaaaaaaaaaaaaaaaaaaaaaaaaaaaaaaaaaaaa	aaaaaaaaaaaaaaaaaaaaaaaaaaaaaaaaaaaaaaaaaaaaaaaaaaaaaaaaaaaaaaaaaaaaaaaaaaaaaaaaaaaaaaaaaaaaaaaaaaaaaaaaaaaaaaaaaaaaaaaaaaaaaaa
hello	hello
hello 	hello 
hello1	hello1
hello1 	hello1 
hello2 	hello2 
SELECT * FROM t1 WHERE a <=> "hello";
a	b
hello	hello
SELECT * FROM t1 WHERE a <=> "hello ";
a	b
hello 	hello 
SELECT * FROM t1 WHERE a <=> " hello";
a	b
 hello	 hello
SELECT * FROM t1 WHERE a <=> " hello ";
a	b
 hello 	 hello 
SELECT * FROM t1 WHERE a <=> " HELLO ";
a	b
 HELLO 	 HELLO 
SELECT * FROM t1 WHERE a <=> REPEAT('A', 127);
a	b
AAAAAAAAAAAAAAAAAAAAAAAAAAAAAAAAAAAAAAAAAAAAAAAAAAAAAAAAAAAAAAAAAAAAAAAAAAAAAAAAAAAAAAAAAAAAAAAAAAAAAAAAAAAAAAAAAAAAAAAAAAAAAAA	AAAAAAAAAAAAAAAAAAAAAAAAAAAAAAAAAAAAAAAAAAAAAAAAAAAAAAAAAAAAAAAAAAAAAAAAAAAAAAAAAAAAAAAAAAAAAAAAAAAAAAAAAAAAAAAAAAAAAAAAAAAAAAA
SELECT * FROM t1 WHERE a <=> REPEAT('a', 256);
a	b
SELECT * FROM t1 WHERE a <=> b;
a	b
 HELLO	 HELLO
 HELLO 	 HELLO 
 HELLO1	 HELLO1
 HELLO1 	 HELLO1 
 hello	 hello
 hello 	 hello 
 hello1	 hello1
 hello1 	 hello1 
AAAAAAAAAAAAAAAAAAAAAAAAAAAAAAAAAAAAAAAAAAAAAAAAAAAAAAAAAAAAAAAAAAAAAAAAAAAAAAAAAAAAAAAAAAAAAAAAAAAAAAAAAAAAAAAAAAAAAAAAAAAAAAA	AAAAAAAAAAAAAAAAAAAAAAAAAAAAAAAAAAAAAAAAAAAAAAAAAAAAAAAAAAAAAAAAAAAAAAAAAAAAAAAAAAAAAAAAAAAAAAAAAAAAAAAAAAAAAAAAAAAAAAAAAAAAAAA
HELLO	HELLO
HELLO 	HELLO 
HELLO1	HELLO1
HELLO1 	HELLO1 
aaaaaaaaaaaaaaaaaaaaaaaaaaaaaaaaaaaaaaaaaaaaaaaaaaaaaaaaaaaaaaaaaaaaaaaaaaaaaaaaaaaaaaaaaaaaaaaaaaaaaaaaaaaaaaaaaaaaaaaaaaaaaaa	aaaaaaaaaaaaaaaaaaaaaaaaaaaaaaaaaaaaaaaaaaaaaaaaaaaaaaaaaaaaaaaaaaaaaaaaaaaaaaaaaaaaaaaaaaaaaaaaaaaaaaaaaaaaaaaaaaaaaaaaaaaaaaa
hello	hello
hello 	hello 
hello1	hello1
hello1 	hello1 
hello2 	hello2 
SELECT * FROM t1 WHERE a IN ("hello", "hello1");
a	b
hello	hello
hello1	hello1
SELECT * FROM t1 WHERE a IN ("HELLO", "HELLO1");
a	b
HELLO	HELLO
HELLO1	HELLO1
SELECT * FROM t1 WHERE a IN (" hello", " hello1");
a	b
 hello	 hello
 hello1	 hello1
SELECT * FROM t1 WHERE a IN (" HELLO ", " HELLO1 ");
a	b
 HELLO 	 HELLO 
 HELLO1 	 HELLO1 
SELECT * FROM t1 WHERE a LIKE "%hello";
a	b
 hello	 hello
hello	hello
SELECT * FROM t1 WHERE a LIKE "%HELLO";
a	b
 HELLO	 HELLO
HELLO	HELLO
SELECT * FROM t1 WHERE a LIKE "hello%";
a	b
hello	hello
hello 	hello 
hello1	hello1
hello1 	hello1 
hello2 	hello2 
SELECT * FROM t1 WHERE a LIKE "HELLO%";
a	b
HELLO	HELLO
HELLO 	HELLO 
HELLO1	HELLO1
HELLO1 	HELLO1 
SELECT * FROM t1 WHERE a LIKE "_hello";
a	b
 hello	 hello
SELECT * FROM t1 WHERE a LIKE "_HELLO";
a	b
 HELLO	 HELLO
SELECT * FROM t1 WHERE a LIKE "hello_";
a	b
hello 	hello 
hello1	hello1
SELECT * FROM t1 WHERE a LIKE "HELLO_";
a	b
HELLO 	HELLO 
HELLO1	HELLO1
DROP TABLE t1;
CREATE TABLE t1(a varchar(255), b varchar(255));
CREATE INDEX a ON t1(a(3));
CREATE INDEX b ON t1(b(3));
INSERT INTO t1 VALUES ("abcd", "abcd");
INSERT INTO t1 VALUES ("ABCD", "ABCD");
INSERT INTO t1 VALUES ("hello", "hello");
INSERT INTO t1 VALUES ("HELLO", "HELLO");
INSERT INTO t1 VALUES ("12345", "12345");
INSERT INTO t1 VALUES ("str", " str");
INSERT INTO t1 VALUES (" abc", " abc");
INSERT INTO t1 VALUES ("abc ", "abc ");
INSERT INTO t1 VALUES ("a", "a");
SELECT * FROM t1 WHERE a = "ABCD";
a	b
ABCD	ABCD
SELECT * FROM t1 WHERE a >= "ab";
a	b
abc 	abc 
abcd	abcd
hello	hello
str	 str
SELECT * FROM t1 WHERE a <=> b;
a	b
 abc	 abc
12345	12345
ABCD	ABCD
HELLO	HELLO
a	a
abc 	abc 
abcd	abcd
hello	hello
SELECT * FROM t1 WHERE a < "str" ORDER BY a LIMIT 3 OFFSET 2;
a	b
a	a
abc 	abc 
ABCD	ABCD
DROP TABLE t1;
CREATE TABLE t1(a char(127), b char(127));
INSERT INTO t1 VALUES ("hello", "hello");
INSERT INTO t1 VALUES ("HELLO", "HELLO");
INSERT INTO t1 VALUES ("hello ", "hello ");
INSERT INTO t1 VALUES ("HELLO ", "HELLO ");
INSERT INTO t1 VALUES (" hello", " hello");
INSERT INTO t1 VALUES (" HELLO", " HELLO");
INSERT INTO t1 VALUES (" hello ", " hello ");
INSERT INTO t1 VALUES (" HELLO ", " HELLO ");
INSERT INTO t1 VALUES ("hello1", "hello1");
INSERT INTO t1 VALUES ("HELLO1", "HELLO1");
INSERT INTO t1 VALUES ("hello1 ", "hello1 ");
INSERT INTO t1 VALUES ("HELLO1 ", "HELLO1 ");
INSERT INTO t1 VALUES (" hello1", " hello1");
INSERT INTO t1 VALUES (" HELLO1", " HELLO1");
INSERT INTO t1 VALUES (" hello1 ", " hello1 ");
INSERT INTO t1 VALUES (" HELLO1 ", " HELLO1 ");
INSERT INTO t1 VALUES ("hello2 ", "hello2 ");
INSERT INTO t1 VALUES (REPEAT('a', 127), REPEAT('a', 127));
INSERT INTO t1 VALUES (REPEAT('A', 127), REPEAT('A', 127));
SELECT * FROM t1 WHERE a IS NULL;
a	b
SELECT * FROM t1 WHERE a IS NOT NULL;
a	b
 HELLO	 HELLO
 HELLO	 HELLO
 HELLO1	 HELLO1
 HELLO1	 HELLO1
 hello	 hello
 hello	 hello
 hello1	 hello1
 hello1	 hello1
AAAAAAAAAAAAAAAAAAAAAAAAAAAAAAAAAAAAAAAAAAAAAAAAAAAAAAAAAAAAAAAAAAAAAAAAAAAAAAAAAAAAAAAAAAAAAAAAAAAAAAAAAAAAAAAAAAAAAAAAAAAAAAA	AAAAAAAAAAAAAAAAAAAAAAAAAAAAAAAAAAAAAAAAAAAAAAAAAAAAAAAAAAAAAAAAAAAAAAAAAAAAAAAAAAAAAAAAAAAAAAAAAAAAAAAAAAAAAAAAAAAAAAAAAAAAAAA
HELLO	HELLO
HELLO	HELLO
HELLO1	HELLO1
HELLO1	HELLO1
aaaaaaaaaaaaaaaaaaaaaaaaaaaaaaaaaaaaaaaaaaaaaaaaaaaaaaaaaaaaaaaaaaaaaaaaaaaaaaaaaaaaaaaaaaaaaaaaaaaaaaaaaaaaaaaaaaaaaaaaaaaaaaa	aaaaaaaaaaaaaaaaaaaaaaaaaaaaaaaaaaaaaaaaaaaaaaaaaaaaaaaaaaaaaaaaaaaaaaaaaaaaaaaaaaaaaaaaaaaaaaaaaaaaaaaaaaaaaaaaaaaaaaaaaaaaaaa
hello	hello
hello	hello
hello1	hello1
hello1	hello1
hello2	hello2
SELECT * FROM t1 WHERE a = "hello";
a	b
hello	hello
hello	hello
SELECT * FROM t1 WHERE a = "hello ";
a	b
hello	hello
hello	hello
SELECT * FROM t1 WHERE a = " hello";
a	b
 hello	 hello
 hello	 hello
SELECT * FROM t1 WHERE a = " hello ";
a	b
 hello	 hello
 hello	 hello
SELECT * FROM t1 WHERE a = " HELLO ";
a	b
 HELLO	 HELLO
 HELLO	 HELLO
SELECT * FROM t1 WHERE a = b;
a	b
 HELLO	 HELLO
 HELLO	 HELLO
 HELLO1	 HELLO1
 HELLO1	 HELLO1
 hello	 hello
 hello	 hello
 hello1	 hello1
 hello1	 hello1
AAAAAAAAAAAAAAAAAAAAAAAAAAAAAAAAAAAAAAAAAAAAAAAAAAAAAAAAAAAAAAAAAAAAAAAAAAAAAAAAAAAAAAAAAAAAAAAAAAAAAAAAAAAAAAAAAAAAAAAAAAAAAAA	AAAAAAAAAAAAAAAAAAAAAAAAAAAAAAAAAAAAAAAAAAAAAAAAAAAAAAAAAAAAAAAAAAAAAAAAAAAAAAAAAAAAAAAAAAAAAAAAAAAAAAAAAAAAAAAAAAAAAAAAAAAAAAA
HELLO	HELLO
HELLO	HELLO
HELLO1	HELLO1
HELLO1	HELLO1
aaaaaaaaaaaaaaaaaaaaaaaaaaaaaaaaaaaaaaaaaaaaaaaaaaaaaaaaaaaaaaaaaaaaaaaaaaaaaaaaaaaaaaaaaaaaaaaaaaaaaaaaaaaaaaaaaaaaaaaaaaaaaaa	aaaaaaaaaaaaaaaaaaaaaaaaaaaaaaaaaaaaaaaaaaaaaaaaaaaaaaaaaaaaaaaaaaaaaaaaaaaaaaaaaaaaaaaaaaaaaaaaaaaaaaaaaaaaaaaaaaaaaaaaaaaaaaa
hello	hello
hello	hello
hello1	hello1
hello1	hello1
hello2	hello2
SELECT * FROM t1 WHERE a <=> "hello";
a	b
hello	hello
hello	hello
SELECT * FROM t1 WHERE a <=> "hello ";
a	b
hello	hello
hello	hello
SELECT * FROM t1 WHERE a <=> " hello";
a	b
 hello	 hello
 hello	 hello
SELECT * FROM t1 WHERE a <=> " hello ";
a	b
 hello	 hello
 hello	 hello
SELECT * FROM t1 WHERE a <=> " HELLO ";
a	b
 HELLO	 HELLO
 HELLO	 HELLO
SELECT * FROM t1 WHERE a <=> REPEAT('A', 127);
a	b
AAAAAAAAAAAAAAAAAAAAAAAAAAAAAAAAAAAAAAAAAAAAAAAAAAAAAAAAAAAAAAAAAAAAAAAAAAAAAAAAAAAAAAAAAAAAAAAAAAAAAAAAAAAAAAAAAAAAAAAAAAAAAAA	AAAAAAAAAAAAAAAAAAAAAAAAAAAAAAAAAAAAAAAAAAAAAAAAAAAAAAAAAAAAAAAAAAAAAAAAAAAAAAAAAAAAAAAAAAAAAAAAAAAAAAAAAAAAAAAAAAAAAAAAAAAAAAA
SELECT * FROM t1 WHERE a <=> REPEAT('a', 256);
a	b
SELECT * FROM t1 WHERE a <=> b;
a	b
 HELLO	 HELLO
 HELLO	 HELLO
 HELLO1	 HELLO1
 HELLO1	 HELLO1
 hello	 hello
 hello	 hello
 hello1	 hello1
 hello1	 hello1
AAAAAAAAAAAAAAAAAAAAAAAAAAAAAAAAAAAAAAAAAAAAAAAAAAAAAAAAAAAAAAAAAAAAAAAAAAAAAAAAAAAAAAAAAAAAAAAAAAAAAAAAAAAAAAAAAAAAAAAAAAAAAAA	AAAAAAAAAAAAAAAAAAAAAAAAAAAAAAAAAAAAAAAAAAAAAAAAAAAAAAAAAAAAAAAAAAAAAAAAAAAAAAAAAAAAAAAAAAAAAAAAAAAAAAAAAAAAAAAAAAAAAAAAAAAAAAA
HELLO	HELLO
HELLO	HELLO
HELLO1	HELLO1
HELLO1	HELLO1
aaaaaaaaaaaaaaaaaaaaaaaaaaaaaaaaaaaaaaaaaaaaaaaaaaaaaaaaaaaaaaaaaaaaaaaaaaaaaaaaaaaaaaaaaaaaaaaaaaaaaaaaaaaaaaaaaaaaaaaaaaaaaaa	aaaaaaaaaaaaaaaaaaaaaaaaaaaaaaaaaaaaaaaaaaaaaaaaaaaaaaaaaaaaaaaaaaaaaaaaaaaaaaaaaaaaaaaaaaaaaaaaaaaaaaaaaaaaaaaaaaaaaaaaaaaaaaa
hello	hello
hello	hello
hello1	hello1
hello1	hello1
hello2	hello2
SELECT * FROM t1 WHERE a BETWEEN "hello " AND "hello1 ";
a	b
hello	hello
hello	hello
hello1	hello1
hello1	hello1
SELECT * FROM t1 WHERE a BETWEEN "HELLO " AND "HELLO1 ";
a	b
HELLO	HELLO
HELLO	HELLO
HELLO1	HELLO1
HELLO1	HELLO1
SELECT * FROM t1 WHERE a BETWEEN " hello " AND " hello1 ";
a	b
 hello	 hello
 hello	 hello
 hello1	 hello1
 hello1	 hello1
SELECT * FROM t1 WHERE a BETWEEN " HELLO1 " AND " HELLO1 ";
a	b
 HELLO1	 HELLO1
 HELLO1	 HELLO1
SELECT * FROM t1 WHERE a IN ("hello", "hello1");
a	b
hello	hello
hello	hello
hello1	hello1
hello1	hello1
SELECT * FROM t1 WHERE a IN ("HELLO", "HELLO1");
a	b
HELLO	HELLO
HELLO	HELLO
HELLO1	HELLO1
HELLO1	HELLO1
SELECT * FROM t1 WHERE a IN (" hello", " hello1");
a	b
 hello	 hello
 hello	 hello
 hello1	 hello1
 hello1	 hello1
SELECT * FROM t1 WHERE a IN (" HELLO ", " HELLO1 ");
a	b
 HELLO	 HELLO
 HELLO	 HELLO
 HELLO1	 HELLO1
 HELLO1	 HELLO1
SELECT * FROM t1 WHERE a LIKE "%hello";
a	b
 hello	 hello
 hello	 hello
hello	hello
hello	hello
SELECT * FROM t1 WHERE a LIKE "%HELLO";
a	b
 HELLO	 HELLO
 HELLO	 HELLO
HELLO	HELLO
HELLO	HELLO
SELECT * FROM t1 WHERE a LIKE "hello%";
a	b
hello	hello
hello	hello
hello1	hello1
hello1	hello1
hello2	hello2
SELECT * FROM t1 WHERE a LIKE "HELLO%";
a	b
HELLO	HELLO
HELLO	HELLO
HELLO1	HELLO1
HELLO1	HELLO1
SELECT * FROM t1 WHERE a LIKE "_hello";
a	b
 hello	 hello
 hello	 hello
SELECT * FROM t1 WHERE a LIKE "_HELLO";
a	b
 HELLO	 HELLO
 HELLO	 HELLO
SELECT * FROM t1 WHERE a LIKE "hello_";
a	b
hello1	hello1
hello1	hello1
hello2	hello2
SELECT * FROM t1 WHERE a LIKE "HELLO_";
a	b
HELLO1	HELLO1
HELLO1	HELLO1
CREATE INDEX a ON t1(a(16));
CREATE INDEX b ON t1(b(16));
SELECT * FROM t1 WHERE a IS NULL;
a	b
SELECT * FROM t1 WHERE a IS NOT NULL;
a	b
 HELLO	 HELLO
 HELLO	 HELLO
 HELLO1	 HELLO1
 HELLO1	 HELLO1
 hello	 hello
 hello	 hello
 hello1	 hello1
 hello1	 hello1
AAAAAAAAAAAAAAAAAAAAAAAAAAAAAAAAAAAAAAAAAAAAAAAAAAAAAAAAAAAAAAAAAAAAAAAAAAAAAAAAAAAAAAAAAAAAAAAAAAAAAAAAAAAAAAAAAAAAAAAAAAAAAAA	AAAAAAAAAAAAAAAAAAAAAAAAAAAAAAAAAAAAAAAAAAAAAAAAAAAAAAAAAAAAAAAAAAAAAAAAAAAAAAAAAAAAAAAAAAAAAAAAAAAAAAAAAAAAAAAAAAAAAAAAAAAAAAA
HELLO	HELLO
HELLO	HELLO
HELLO1	HELLO1
HELLO1	HELLO1
aaaaaaaaaaaaaaaaaaaaaaaaaaaaaaaaaaaaaaaaaaaaaaaaaaaaaaaaaaaaaaaaaaaaaaaaaaaaaaaaaaaaaaaaaaaaaaaaaaaaaaaaaaaaaaaaaaaaaaaaaaaaaaa	aaaaaaaaaaaaaaaaaaaaaaaaaaaaaaaaaaaaaaaaaaaaaaaaaaaaaaaaaaaaaaaaaaaaaaaaaaaaaaaaaaaaaaaaaaaaaaaaaaaaaaaaaaaaaaaaaaaaaaaaaaaaaaa
hello	hello
hello	hello
hello1	hello1
hello1	hello1
hello2	hello2
SELECT * FROM t1 WHERE a = "hello";
a	b
hello	hello
hello	hello
SELECT * FROM t1 WHERE a = "hello ";
a	b
hello	hello
hello	hello
SELECT * FROM t1 WHERE a = " hello";
a	b
 hello	 hello
 hello	 hello
SELECT * FROM t1 WHERE a = " hello ";
a	b
 hello	 hello
 hello	 hello
SELECT * FROM t1 WHERE a = " HELLO ";
a	b
 HELLO	 HELLO
 HELLO	 HELLO
SELECT * FROM t1 WHERE a = b;
a	b
 HELLO	 HELLO
 HELLO	 HELLO
 HELLO1	 HELLO1
 HELLO1	 HELLO1
 hello	 hello
 hello	 hello
 hello1	 hello1
 hello1	 hello1
AAAAAAAAAAAAAAAAAAAAAAAAAAAAAAAAAAAAAAAAAAAAAAAAAAAAAAAAAAAAAAAAAAAAAAAAAAAAAAAAAAAAAAAAAAAAAAAAAAAAAAAAAAAAAAAAAAAAAAAAAAAAAAA	AAAAAAAAAAAAAAAAAAAAAAAAAAAAAAAAAAAAAAAAAAAAAAAAAAAAAAAAAAAAAAAAAAAAAAAAAAAAAAAAAAAAAAAAAAAAAAAAAAAAAAAAAAAAAAAAAAAAAAAAAAAAAAA
HELLO	HELLO
HELLO	HELLO
HELLO1	HELLO1
HELLO1	HELLO1
aaaaaaaaaaaaaaaaaaaaaaaaaaaaaaaaaaaaaaaaaaaaaaaaaaaaaaaaaaaaaaaaaaaaaaaaaaaaaaaaaaaaaaaaaaaaaaaaaaaaaaaaaaaaaaaaaaaaaaaaaaaaaaa	aaaaaaaaaaaaaaaaaaaaaaaaaaaaaaaaaaaaaaaaaaaaaaaaaaaaaaaaaaaaaaaaaaaaaaaaaaaaaaaaaaaaaaaaaaaaaaaaaaaaaaaaaaaaaaaaaaaaaaaaaaaaaaa
hello	hello
hello	hello
hello1	hello1
hello1	hello1
hello2	hello2
SELECT * FROM t1 WHERE a <=> "hello";
a	b
hello	hello
hello	hello
SELECT * FROM t1 WHERE a <=> "hello ";
a	b
hello	hello
hello	hello
SELECT * FROM t1 WHERE a <=> " hello";
a	b
 hello	 hello
 hello	 hello
SELECT * FROM t1 WHERE a <=> " hello ";
a	b
 hello	 hello
 hello	 hello
SELECT * FROM t1 WHERE a <=> " HELLO ";
a	b
 HELLO	 HELLO
 HELLO	 HELLO
SELECT * FROM t1 WHERE a <=> REPEAT('A', 127);
a	b
AAAAAAAAAAAAAAAAAAAAAAAAAAAAAAAAAAAAAAAAAAAAAAAAAAAAAAAAAAAAAAAAAAAAAAAAAAAAAAAAAAAAAAAAAAAAAAAAAAAAAAAAAAAAAAAAAAAAAAAAAAAAAAA	AAAAAAAAAAAAAAAAAAAAAAAAAAAAAAAAAAAAAAAAAAAAAAAAAAAAAAAAAAAAAAAAAAAAAAAAAAAAAAAAAAAAAAAAAAAAAAAAAAAAAAAAAAAAAAAAAAAAAAAAAAAAAAA
SELECT * FROM t1 WHERE a <=> REPEAT('a', 256);
a	b
SELECT * FROM t1 WHERE a <=> b;
a	b
 HELLO	 HELLO
 HELLO	 HELLO
 HELLO1	 HELLO1
 HELLO1	 HELLO1
 hello	 hello
 hello	 hello
 hello1	 hello1
 hello1	 hello1
AAAAAAAAAAAAAAAAAAAAAAAAAAAAAAAAAAAAAAAAAAAAAAAAAAAAAAAAAAAAAAAAAAAAAAAAAAAAAAAAAAAAAAAAAAAAAAAAAAAAAAAAAAAAAAAAAAAAAAAAAAAAAAA	AAAAAAAAAAAAAAAAAAAAAAAAAAAAAAAAAAAAAAAAAAAAAAAAAAAAAAAAAAAAAAAAAAAAAAAAAAAAAAAAAAAAAAAAAAAAAAAAAAAAAAAAAAAAAAAAAAAAAAAAAAAAAAA
HELLO	HELLO
HELLO	HELLO
HELLO1	HELLO1
HELLO1	HELLO1
aaaaaaaaaaaaaaaaaaaaaaaaaaaaaaaaaaaaaaaaaaaaaaaaaaaaaaaaaaaaaaaaaaaaaaaaaaaaaaaaaaaaaaaaaaaaaaaaaaaaaaaaaaaaaaaaaaaaaaaaaaaaaaa	aaaaaaaaaaaaaaaaaaaaaaaaaaaaaaaaaaaaaaaaaaaaaaaaaaaaaaaaaaaaaaaaaaaaaaaaaaaaaaaaaaaaaaaaaaaaaaaaaaaaaaaaaaaaaaaaaaaaaaaaaaaaaaa
hello	hello
hello	hello
hello1	hello1
hello1	hello1
hello2	hello2
SELECT * FROM t1 WHERE a BETWEEN "hello " AND "hello1 ";
a	b
hello	hello
hello	hello
hello1	hello1
hello1	hello1
SELECT * FROM t1 WHERE a BETWEEN "HELLO " AND "HELLO1 ";
a	b
HELLO	HELLO
HELLO	HELLO
HELLO1	HELLO1
HELLO1	HELLO1
SELECT * FROM t1 WHERE a BETWEEN " hello " AND " hello1 ";
a	b
 hello	 hello
 hello	 hello
 hello1	 hello1
 hello1	 hello1
SELECT * FROM t1 WHERE a BETWEEN " HELLO1 " AND " HELLO1 ";
a	b
 HELLO1	 HELLO1
 HELLO1	 HELLO1
SELECT * FROM t1 WHERE a IN ("hello", "hello1");
a	b
hello	hello
hello	hello
hello1	hello1
hello1	hello1
SELECT * FROM t1 WHERE a IN ("HELLO", "HELLO1");
a	b
HELLO	HELLO
HELLO	HELLO
HELLO1	HELLO1
HELLO1	HELLO1
SELECT * FROM t1 WHERE a IN (" hello", " hello1");
a	b
 hello	 hello
 hello	 hello
 hello1	 hello1
 hello1	 hello1
SELECT * FROM t1 WHERE a IN (" HELLO ", " HELLO1 ");
a	b
 HELLO	 HELLO
 HELLO	 HELLO
 HELLO1	 HELLO1
 HELLO1	 HELLO1
SELECT * FROM t1 WHERE a LIKE "%hello";
a	b
 hello	 hello
 hello	 hello
hello	hello
hello	hello
SELECT * FROM t1 WHERE a LIKE "%HELLO";
a	b
 HELLO	 HELLO
 HELLO	 HELLO
HELLO	HELLO
HELLO	HELLO
SELECT * FROM t1 WHERE a LIKE "hello%";
a	b
hello	hello
hello	hello
hello1	hello1
hello1	hello1
hello2	hello2
SELECT * FROM t1 WHERE a LIKE "HELLO%";
a	b
HELLO	HELLO
HELLO	HELLO
HELLO1	HELLO1
HELLO1	HELLO1
SELECT * FROM t1 WHERE a LIKE "_hello";
a	b
 hello	 hello
 hello	 hello
SELECT * FROM t1 WHERE a LIKE "_HELLO";
a	b
 HELLO	 HELLO
 HELLO	 HELLO
SELECT * FROM t1 WHERE a LIKE "hello_";
a	b
hello1	hello1
hello1	hello1
hello2	hello2
SELECT * FROM t1 WHERE a LIKE "HELLO_";
a	b
HELLO1	HELLO1
HELLO1	HELLO1
DROP TABLE t1;
CREATE TABLE t1(a char(255), b char(255));
CREATE INDEX a ON t1(a(3));
INSERT INTO t1 VALUES ("abcd", "abcd");
INSERT INTO t1 VALUES ("ABCD", "ABCD");
INSERT INTO t1 VALUES ("hello", "hello");
INSERT INTO t1 VALUES ("HELLO", "HELLO");
INSERT INTO t1 VALUES ("12345", "12345");
INSERT INTO t1 VALUES ("str", " str");
INSERT INTO t1 VALUES (" abc", " abc");
INSERT INTO t1 VALUES ("abc ", "abc ");
INSERT INTO t1 VALUES ("a", "a");
SELECT * FROM t1 WHERE a = "ABCD";
a	b
ABCD	ABCD
SELECT * FROM t1 WHERE a >= "ab";
a	b
abc	abc
abcd	abcd
hello	hello
str	 str
SELECT * FROM t1 WHERE a <=> b;
a	b
 abc	 abc
12345	12345
ABCD	ABCD
HELLO	HELLO
a	a
abc	abc
abcd	abcd
hello	hello
SELECT * FROM t1 WHERE a < "str" ORDER BY a LIMIT 3 OFFSET 2;
a	b
a	a
abc	abc
ABCD	ABCD
DROP TABLE t1;
CREATE TABLE t1(a set("hello","hello1","hello2"," HELLO"," HELLO1", " HELLO2"), b set("hello","hello1","hello2"," HELLO"," HELLO1", " HELLO2"));
INSERT INTO t1 VALUES ("hello", "hello");
INSERT INTO t1 VALUES ("HELLO", "HELLO");
INSERT INTO t1 VALUES ("hello ", "hello ");
INSERT INTO t1 VALUES ("HELLO ", "HELLO ");
INSERT INTO t1 VALUES (" hello", " hello");
INSERT INTO t1 VALUES (" HELLO", " HELLO");
INSERT INTO t1 VALUES (" hello ", " hello ");
INSERT INTO t1 VALUES (" HELLO ", " HELLO ");
INSERT INTO t1 VALUES ("hello1", "hello1");
INSERT INTO t1 VALUES ("HELLO1", "HELLO1");
INSERT INTO t1 VALUES ("hello1 ", "hello1 ");
INSERT INTO t1 VALUES ("HELLO1 ", "HELLO1 ");
INSERT INTO t1 VALUES (" hello1", " hello1");
INSERT INTO t1 VALUES (" HELLO1", " HELLO1");
INSERT INTO t1 VALUES (" hello1 ", " hello1 ");
INSERT INTO t1 VALUES (" HELLO1 ", " HELLO1 ");
INSERT INTO t1 VALUES ("hello2 ", "hello2 ");
SELECT * FROM t1 WHERE a IS NULL;
a	b
SELECT * FROM t1 WHERE a IS NOT NULL;
a	b
 HELLO	 HELLO
 HELLO	 HELLO
 HELLO	 HELLO
 HELLO	 HELLO
 HELLO1	 HELLO1
 HELLO1	 HELLO1
 HELLO1	 HELLO1
 HELLO1	 HELLO1
hello	hello
hello	hello
hello	hello
hello	hello
hello1	hello1
hello1	hello1
hello1	hello1
hello1	hello1
hello2	hello2
SELECT * FROM t1 WHERE a = "hello";
a	b
hello	hello
hello	hello
hello	hello
hello	hello
SELECT * FROM t1 WHERE a = "hello ";
a	b
hello	hello
hello	hello
hello	hello
hello	hello
SELECT * FROM t1 WHERE a = b;
a	b
 HELLO	 HELLO
 HELLO	 HELLO
 HELLO	 HELLO
 HELLO	 HELLO
 HELLO1	 HELLO1
 HELLO1	 HELLO1
 HELLO1	 HELLO1
 HELLO1	 HELLO1
hello	hello
hello	hello
hello	hello
hello	hello
hello1	hello1
hello1	hello1
hello1	hello1
hello1	hello1
hello2	hello2
SELECT * FROM t1 WHERE a != "hello";
a	b
 HELLO	 HELLO
 HELLO	 HELLO
 HELLO	 HELLO
 HELLO	 HELLO
 HELLO1	 HELLO1
 HELLO1	 HELLO1
 HELLO1	 HELLO1
 HELLO1	 HELLO1
hello1	hello1
hello1	hello1
hello1	hello1
hello1	hello1
hello2	hello2
SELECT * FROM t1 WHERE a < "hello ";
a	b
 HELLO	 HELLO
 HELLO	 HELLO
 HELLO	 HELLO
 HELLO	 HELLO
 HELLO1	 HELLO1
 HELLO1	 HELLO1
 HELLO1	 HELLO1
 HELLO1	 HELLO1
SELECT * FROM t1 WHERE a <= "hello ";
a	b
 HELLO	 HELLO
 HELLO	 HELLO
 HELLO	 HELLO
 HELLO	 HELLO
 HELLO1	 HELLO1
 HELLO1	 HELLO1
 HELLO1	 HELLO1
 HELLO1	 HELLO1
hello	hello
hello	hello
hello	hello
hello	hello
SELECT * FROM t1 WHERE a > "hello ";
a	b
hello1	hello1
hello1	hello1
hello1	hello1
hello1	hello1
hello2	hello2
SELECT * FROM t1 WHERE a >= "hello ";
a	b
hello	hello
hello	hello
hello	hello
hello	hello
hello1	hello1
hello1	hello1
hello1	hello1
hello1	hello1
hello2	hello2
SELECT * FROM t1 WHERE a <=> "hello";
a	b
hello	hello
hello	hello
hello	hello
hello	hello
SELECT * FROM t1 WHERE a <=> "hello ";
a	b
hello	hello
hello	hello
hello	hello
hello	hello
SELECT * FROM t1 WHERE a <=> b;
a	b
 HELLO	 HELLO
 HELLO	 HELLO
 HELLO	 HELLO
 HELLO	 HELLO
 HELLO1	 HELLO1
 HELLO1	 HELLO1
 HELLO1	 HELLO1
 HELLO1	 HELLO1
hello	hello
hello	hello
hello	hello
hello	hello
hello1	hello1
hello1	hello1
hello1	hello1
hello1	hello1
hello2	hello2
SELECT * FROM t1 WHERE a BETWEEN "hello " AND "hello1 ";
a	b
hello	hello
hello	hello
hello	hello
hello	hello
hello1	hello1
hello1	hello1
hello1	hello1
hello1	hello1
SELECT * FROM t1 WHERE a IN ("hello", "hello1");
a	b
hello	hello
hello	hello
hello	hello
hello	hello
hello1	hello1
hello1	hello1
hello1	hello1
hello1	hello1
SELECT * FROM t1 WHERE a LIKE "%hello";
a	b
hello	hello
hello	hello
hello	hello
hello	hello
SELECT * FROM t1 WHERE a LIKE "%HELLO";
a	b
 HELLO	 HELLO
 HELLO	 HELLO
 HELLO	 HELLO
 HELLO	 HELLO
SELECT * FROM t1 WHERE a LIKE "hello%";
a	b
hello	hello
hello	hello
hello	hello
hello	hello
hello1	hello1
hello1	hello1
hello1	hello1
hello1	hello1
hello2	hello2
SELECT * FROM t1 WHERE a LIKE "HELLO%";
a	b
SELECT * FROM t1 WHERE a LIKE "_hello";
a	b
SELECT * FROM t1 WHERE a LIKE "_HELLO";
a	b
 HELLO	 HELLO
 HELLO	 HELLO
 HELLO	 HELLO
 HELLO	 HELLO
SELECT * FROM t1 WHERE a LIKE "hello_";
a	b
hello1	hello1
hello1	hello1
hello1	hello1
hello1	hello1
hello2	hello2
SELECT * FROM t1 WHERE a LIKE "HELLO_";
a	b
CREATE INDEX a ON t1(a);
CREATE INDEX b ON t1(b);
SELECT * FROM t1 WHERE a IS NULL;
a	b
SELECT * FROM t1 WHERE a IS NOT NULL;
a	b
 HELLO	 HELLO
 HELLO	 HELLO
 HELLO	 HELLO
 HELLO	 HELLO
 HELLO1	 HELLO1
 HELLO1	 HELLO1
 HELLO1	 HELLO1
 HELLO1	 HELLO1
hello	hello
hello	hello
hello	hello
hello	hello
hello1	hello1
hello1	hello1
hello1	hello1
hello1	hello1
hello2	hello2
SELECT * FROM t1 WHERE a = "hello";
a	b
hello	hello
hello	hello
hello	hello
hello	hello
SELECT * FROM t1 WHERE a = "hello ";
a	b
hello	hello
hello	hello
hello	hello
hello	hello
SELECT * FROM t1 WHERE a = b;
a	b
 HELLO	 HELLO
 HELLO	 HELLO
 HELLO	 HELLO
 HELLO	 HELLO
 HELLO1	 HELLO1
 HELLO1	 HELLO1
 HELLO1	 HELLO1
 HELLO1	 HELLO1
hello	hello
hello	hello
hello	hello
hello	hello
hello1	hello1
hello1	hello1
hello1	hello1
hello1	hello1
hello2	hello2
SELECT * FROM t1 WHERE a != "hello";
a	b
 HELLO	 HELLO
 HELLO	 HELLO
 HELLO	 HELLO
 HELLO	 HELLO
 HELLO1	 HELLO1
 HELLO1	 HELLO1
 HELLO1	 HELLO1
 HELLO1	 HELLO1
hello1	hello1
hello1	hello1
hello1	hello1
hello1	hello1
hello2	hello2
SELECT * FROM t1 WHERE a < "hello ";
a	b
 HELLO	 HELLO
 HELLO	 HELLO
 HELLO	 HELLO
 HELLO	 HELLO
 HELLO1	 HELLO1
 HELLO1	 HELLO1
 HELLO1	 HELLO1
 HELLO1	 HELLO1
SELECT * FROM t1 WHERE a <= "hello ";
a	b
 HELLO	 HELLO
 HELLO	 HELLO
 HELLO	 HELLO
 HELLO	 HELLO
 HELLO1	 HELLO1
 HELLO1	 HELLO1
 HELLO1	 HELLO1
 HELLO1	 HELLO1
hello	hello
hello	hello
hello	hello
hello	hello
SELECT * FROM t1 WHERE a > "hello ";
a	b
hello1	hello1
hello1	hello1
hello1	hello1
hello1	hello1
hello2	hello2
SELECT * FROM t1 WHERE a >= "hello ";
a	b
hello	hello
hello	hello
hello	hello
hello	hello
hello1	hello1
hello1	hello1
hello1	hello1
hello1	hello1
hello2	hello2
SELECT * FROM t1 WHERE a <=> "hello";
a	b
hello	hello
hello	hello
hello	hello
hello	hello
SELECT * FROM t1 WHERE a <=> "hello ";
a	b
hello	hello
hello	hello
hello	hello
hello	hello
SELECT * FROM t1 WHERE a <=> b;
a	b
 HELLO	 HELLO
 HELLO	 HELLO
 HELLO	 HELLO
 HELLO	 HELLO
 HELLO1	 HELLO1
 HELLO1	 HELLO1
 HELLO1	 HELLO1
 HELLO1	 HELLO1
hello	hello
hello	hello
hello	hello
hello	hello
hello1	hello1
hello1	hello1
hello1	hello1
hello1	hello1
hello2	hello2
SELECT * FROM t1 WHERE a BETWEEN "hello " AND "hello1 ";
a	b
hello	hello
hello	hello
hello	hello
hello	hello
hello1	hello1
hello1	hello1
hello1	hello1
hello1	hello1
SELECT * FROM t1 WHERE a IN ("hello", "hello1");
a	b
hello	hello
hello	hello
hello	hello
hello	hello
hello1	hello1
hello1	hello1
hello1	hello1
hello1	hello1
SELECT * FROM t1 WHERE a LIKE "%hello";
a	b
hello	hello
hello	hello
hello	hello
hello	hello
SELECT * FROM t1 WHERE a LIKE "%HELLO";
a	b
 HELLO	 HELLO
 HELLO	 HELLO
 HELLO	 HELLO
 HELLO	 HELLO
SELECT * FROM t1 WHERE a LIKE "hello%";
a	b
hello	hello
hello	hello
hello	hello
hello	hello
hello1	hello1
hello1	hello1
hello1	hello1
hello1	hello1
hello2	hello2
SELECT * FROM t1 WHERE a LIKE "HELLO%";
a	b
SELECT * FROM t1 WHERE a LIKE "_hello";
a	b
SELECT * FROM t1 WHERE a LIKE "_HELLO";
a	b
 HELLO	 HELLO
 HELLO	 HELLO
 HELLO	 HELLO
 HELLO	 HELLO
SELECT * FROM t1 WHERE a LIKE "hello_";
a	b
hello1	hello1
hello1	hello1
hello1	hello1
hello1	hello1
hello2	hello2
SELECT * FROM t1 WHERE a LIKE "HELLO_";
a	b
DROP TABLE t1;
CREATE TABLE t1(a enum("hello","hello1","hello2"," HELLO"," HELLO1", " HELLO2"), b enum("hello","hello1","hello2"," HELLO"," HELLO1", " HELLO2"));
INSERT INTO t1 VALUES ("hello", "hello");
INSERT INTO t1 VALUES ("HELLO", "HELLO");
INSERT INTO t1 VALUES ("hello ", "hello ");
INSERT INTO t1 VALUES ("HELLO ", "HELLO ");
INSERT INTO t1 VALUES (" hello", " hello");
INSERT INTO t1 VALUES (" HELLO", " HELLO");
INSERT INTO t1 VALUES (" hello ", " hello ");
INSERT INTO t1 VALUES (" HELLO ", " HELLO ");
INSERT INTO t1 VALUES ("hello1", "hello1");
INSERT INTO t1 VALUES ("HELLO1", "HELLO1");
INSERT INTO t1 VALUES ("hello1 ", "hello1 ");
INSERT INTO t1 VALUES ("HELLO1 ", "HELLO1 ");
INSERT INTO t1 VALUES (" hello1", " hello1");
INSERT INTO t1 VALUES (" HELLO1", " HELLO1");
INSERT INTO t1 VALUES (" hello1 ", " hello1 ");
INSERT INTO t1 VALUES (" HELLO1 ", " HELLO1 ");
INSERT INTO t1 VALUES ("hello2 ", "hello2 ");
SELECT * FROM t1 WHERE a IS NULL;
a	b
SELECT * FROM t1 WHERE a IS NOT NULL;
a	b
 HELLO	 HELLO
 HELLO	 HELLO
 HELLO	 HELLO
 HELLO	 HELLO
 HELLO1	 HELLO1
 HELLO1	 HELLO1
 HELLO1	 HELLO1
 HELLO1	 HELLO1
hello	hello
hello	hello
hello	hello
hello	hello
hello1	hello1
hello1	hello1
hello1	hello1
hello1	hello1
hello2	hello2
SELECT * FROM t1 WHERE a = "hello";
a	b
hello	hello
hello	hello
hello	hello
hello	hello
SELECT * FROM t1 WHERE a = "hello ";
a	b
hello	hello
hello	hello
hello	hello
hello	hello
SELECT * FROM t1 WHERE a = b;
a	b
 HELLO	 HELLO
 HELLO	 HELLO
 HELLO	 HELLO
 HELLO	 HELLO
 HELLO1	 HELLO1
 HELLO1	 HELLO1
 HELLO1	 HELLO1
 HELLO1	 HELLO1
hello	hello
hello	hello
hello	hello
hello	hello
hello1	hello1
hello1	hello1
hello1	hello1
hello1	hello1
hello2	hello2
SELECT * FROM t1 WHERE a != "hello";
a	b
 HELLO	 HELLO
 HELLO	 HELLO
 HELLO	 HELLO
 HELLO	 HELLO
 HELLO1	 HELLO1
 HELLO1	 HELLO1
 HELLO1	 HELLO1
 HELLO1	 HELLO1
hello1	hello1
hello1	hello1
hello1	hello1
hello1	hello1
hello2	hello2
SELECT * FROM t1 WHERE a < "hello ";
a	b
 HELLO	 HELLO
 HELLO	 HELLO
 HELLO	 HELLO
 HELLO	 HELLO
 HELLO1	 HELLO1
 HELLO1	 HELLO1
 HELLO1	 HELLO1
 HELLO1	 HELLO1
SELECT * FROM t1 WHERE a <= "hello ";
a	b
 HELLO	 HELLO
 HELLO	 HELLO
 HELLO	 HELLO
 HELLO	 HELLO
 HELLO1	 HELLO1
 HELLO1	 HELLO1
 HELLO1	 HELLO1
 HELLO1	 HELLO1
hello	hello
hello	hello
hello	hello
hello	hello
SELECT * FROM t1 WHERE a > "hello ";
a	b
hello1	hello1
hello1	hello1
hello1	hello1
hello1	hello1
hello2	hello2
SELECT * FROM t1 WHERE a >= "hello ";
a	b
hello	hello
hello	hello
hello	hello
hello	hello
hello1	hello1
hello1	hello1
hello1	hello1
hello1	hello1
hello2	hello2
SELECT * FROM t1 WHERE a <=> "hello";
a	b
hello	hello
hello	hello
hello	hello
hello	hello
SELECT * FROM t1 WHERE a <=> "hello ";
a	b
hello	hello
hello	hello
hello	hello
hello	hello
SELECT * FROM t1 WHERE a <=> b;
a	b
 HELLO	 HELLO
 HELLO	 HELLO
 HELLO	 HELLO
 HELLO	 HELLO
 HELLO1	 HELLO1
 HELLO1	 HELLO1
 HELLO1	 HELLO1
 HELLO1	 HELLO1
hello	hello
hello	hello
hello	hello
hello	hello
hello1	hello1
hello1	hello1
hello1	hello1
hello1	hello1
hello2	hello2
SELECT * FROM t1 WHERE a BETWEEN "hello " AND "hello1 ";
a	b
hello	hello
hello	hello
hello	hello
hello	hello
hello1	hello1
hello1	hello1
hello1	hello1
hello1	hello1
SELECT * FROM t1 WHERE a IN ("hello", "hello1");
a	b
hello	hello
hello	hello
hello	hello
hello	hello
hello1	hello1
hello1	hello1
hello1	hello1
hello1	hello1
SELECT * FROM t1 WHERE a LIKE "%hello";
a	b
hello	hello
hello	hello
hello	hello
hello	hello
SELECT * FROM t1 WHERE a LIKE "%HELLO";
a	b
 HELLO	 HELLO
 HELLO	 HELLO
 HELLO	 HELLO
 HELLO	 HELLO
SELECT * FROM t1 WHERE a LIKE "hello%";
a	b
hello	hello
hello	hello
hello	hello
hello	hello
hello1	hello1
hello1	hello1
hello1	hello1
hello1	hello1
hello2	hello2
SELECT * FROM t1 WHERE a LIKE "HELLO%";
a	b
SELECT * FROM t1 WHERE a LIKE "_hello";
a	b
SELECT * FROM t1 WHERE a LIKE "_HELLO";
a	b
 HELLO	 HELLO
 HELLO	 HELLO
 HELLO	 HELLO
 HELLO	 HELLO
SELECT * FROM t1 WHERE a LIKE "hello_";
a	b
hello1	hello1
hello1	hello1
hello1	hello1
hello1	hello1
hello2	hello2
SELECT * FROM t1 WHERE a LIKE "HELLO_";
a	b
CREATE INDEX a ON t1(a);
CREATE INDEX b ON t1(b);
SELECT * FROM t1 WHERE a IS NULL;
a	b
SELECT * FROM t1 WHERE a IS NOT NULL;
a	b
 HELLO	 HELLO
 HELLO	 HELLO
 HELLO	 HELLO
 HELLO	 HELLO
 HELLO1	 HELLO1
 HELLO1	 HELLO1
 HELLO1	 HELLO1
 HELLO1	 HELLO1
hello	hello
hello	hello
hello	hello
hello	hello
hello1	hello1
hello1	hello1
hello1	hello1
hello1	hello1
hello2	hello2
SELECT * FROM t1 WHERE a = "hello";
a	b
hello	hello
hello	hello
hello	hello
hello	hello
SELECT * FROM t1 WHERE a = "hello ";
a	b
hello	hello
hello	hello
hello	hello
hello	hello
SELECT * FROM t1 WHERE a = b;
a	b
 HELLO	 HELLO
 HELLO	 HELLO
 HELLO	 HELLO
 HELLO	 HELLO
 HELLO1	 HELLO1
 HELLO1	 HELLO1
 HELLO1	 HELLO1
 HELLO1	 HELLO1
hello	hello
hello	hello
hello	hello
hello	hello
hello1	hello1
hello1	hello1
hello1	hello1
hello1	hello1
hello2	hello2
SELECT * FROM t1 WHERE a != "hello";
a	b
 HELLO	 HELLO
 HELLO	 HELLO
 HELLO	 HELLO
 HELLO	 HELLO
 HELLO1	 HELLO1
 HELLO1	 HELLO1
 HELLO1	 HELLO1
 HELLO1	 HELLO1
hello1	hello1
hello1	hello1
hello1	hello1
hello1	hello1
hello2	hello2
SELECT * FROM t1 WHERE a < "hello ";
a	b
 HELLO	 HELLO
 HELLO	 HELLO
 HELLO	 HELLO
 HELLO	 HELLO
 HELLO1	 HELLO1
 HELLO1	 HELLO1
 HELLO1	 HELLO1
 HELLO1	 HELLO1
SELECT * FROM t1 WHERE a <= "hello ";
a	b
 HELLO	 HELLO
 HELLO	 HELLO
 HELLO	 HELLO
 HELLO	 HELLO
 HELLO1	 HELLO1
 HELLO1	 HELLO1
 HELLO1	 HELLO1
 HELLO1	 HELLO1
hello	hello
hello	hello
hello	hello
hello	hello
SELECT * FROM t1 WHERE a > "hello ";
a	b
hello1	hello1
hello1	hello1
hello1	hello1
hello1	hello1
hello2	hello2
SELECT * FROM t1 WHERE a >= "hello ";
a	b
hello	hello
hello	hello
hello	hello
hello	hello
hello1	hello1
hello1	hello1
hello1	hello1
hello1	hello1
hello2	hello2
SELECT * FROM t1 WHERE a <=> "hello";
a	b
hello	hello
hello	hello
hello	hello
hello	hello
SELECT * FROM t1 WHERE a <=> "hello ";
a	b
hello	hello
hello	hello
hello	hello
hello	hello
SELECT * FROM t1 WHERE a <=> b;
a	b
 HELLO	 HELLO
 HELLO	 HELLO
 HELLO	 HELLO
 HELLO	 HELLO
 HELLO1	 HELLO1
 HELLO1	 HELLO1
 HELLO1	 HELLO1
 HELLO1	 HELLO1
hello	hello
hello	hello
hello	hello
hello	hello
hello1	hello1
hello1	hello1
hello1	hello1
hello1	hello1
hello2	hello2
SELECT * FROM t1 WHERE a BETWEEN "hello " AND "hello1 ";
a	b
hello	hello
hello	hello
hello	hello
hello	hello
hello1	hello1
hello1	hello1
hello1	hello1
hello1	hello1
SELECT * FROM t1 WHERE a IN ("hello", "hello1");
a	b
hello	hello
hello	hello
hello	hello
hello	hello
hello1	hello1
hello1	hello1
hello1	hello1
hello1	hello1
SELECT * FROM t1 WHERE a LIKE "%hello";
a	b
hello	hello
hello	hello
hello	hello
hello	hello
SELECT * FROM t1 WHERE a LIKE "%HELLO";
a	b
 HELLO	 HELLO
 HELLO	 HELLO
 HELLO	 HELLO
 HELLO	 HELLO
SELECT * FROM t1 WHERE a LIKE "hello%";
a	b
hello	hello
hello	hello
hello	hello
hello	hello
hello1	hello1
hello1	hello1
hello1	hello1
hello1	hello1
hello2	hello2
SELECT * FROM t1 WHERE a LIKE "HELLO%";
a	b
SELECT * FROM t1 WHERE a LIKE "_hello";
a	b
SELECT * FROM t1 WHERE a LIKE "_HELLO";
a	b
 HELLO	 HELLO
 HELLO	 HELLO
 HELLO	 HELLO
 HELLO	 HELLO
SELECT * FROM t1 WHERE a LIKE "hello_";
a	b
hello1	hello1
hello1	hello1
hello1	hello1
hello1	hello1
hello2	hello2
SELECT * FROM t1 WHERE a LIKE "HELLO_";
a	b
DROP TABLE t1;
